ISO-10303-21;
HEADER;
/* Generated by software containing ST-Developer
 * from STEP Tools, Inc. (www.steptools.com) 
 */
/* OPTION: using custom renumber hook */

FILE_DESCRIPTION(
/* description */ ('STEP AP242 Edition 2',
'CAx-IF Rec.Pracs.---Representation and Presentation of Product Manufa
cturing Information (PMI)---4.0---2014-10-13',
'CAx-IF Rec.Pracs.---3D Tessellated Geometry---0.4---2014-09-14','2;1',
'CAx-IF Rec.Pracs.---User Defined Attributes---1.5---2016-08-15'),
/* implementation_level */ '2;1');

FILE_NAME(
/* name */ 'marker_rig_mount_test Copy 1 - Part 1',
/* time_stamp */ '2026-09-07T08:52:40Z',
/* author */ (''),
/* organization */ (''),
/* preprocessor_version */ 'ST-DEVELOPER v20',
/* originating_system */ 'ONSHAPE BY PTC INC, 1.220',
/* authorisation */ '  ');

FILE_SCHEMA (('AP242_MANAGED_MODEL_BASED_3D_ENGINEERING_MIM_LF { 1 0 10303 442 3 1 4 }'));
ENDSEC;

DATA;
#10=SHAPE_REPRESENTATION_RELATIONSHIP('','',#1463,#11);
#11=ADVANCED_BREP_SHAPE_REPRESENTATION('',(#1461),#2290);
#12=OVER_RIDING_STYLED_ITEM('',(#1370),#1328,#1368);
#13=OVER_RIDING_STYLED_ITEM('',(#1371),#1329,#1368);
#14=OVER_RIDING_STYLED_ITEM('',(#1372),#1330,#1368);
#15=OVER_RIDING_STYLED_ITEM('',(#1373),#1331,#1368);
#16=OVER_RIDING_STYLED_ITEM('',(#1374),#1332,#1368);
#17=OVER_RIDING_STYLED_ITEM('',(#1375),#1333,#1368);
#18=OVER_RIDING_STYLED_ITEM('',(#1376),#1335,#1368);
#19=OVER_RIDING_STYLED_ITEM('',(#1377),#1336,#1368);
#20=OVER_RIDING_STYLED_ITEM('',(#1378),#1341,#1368);
#21=OVER_RIDING_STYLED_ITEM('',(#1379),#1343,#1368);
#22=OVER_RIDING_STYLED_ITEM('',(#1380),#1344,#1368);
#23=OVER_RIDING_STYLED_ITEM('',(#1381),#1345,#1368);
#24=OVER_RIDING_STYLED_ITEM('',(#1382),#1346,#1368);
#25=OVER_RIDING_STYLED_ITEM('',(#1383),#1347,#1368);
#26=DRAUGHTING_PRE_DEFINED_COLOUR('blue');
#27=DRAUGHTING_PRE_DEFINED_COLOUR('red');
#28=SPHERICAL_SURFACE('',#1507,12.68);
#29=SPHERICAL_SURFACE('',#1513,7.5);
#30=LINE('',#1946,#194);
#31=LINE('',#1949,#195);
#32=LINE('',#1951,#196);
#33=LINE('',#1953,#197);
#34=LINE('',#1957,#198);
#35=LINE('',#1960,#199);
#36=LINE('',#1961,#200);
#37=LINE('',#1963,#201);
#38=LINE('',#1966,#202);
#39=LINE('',#1968,#203);
#40=LINE('',#1970,#204);
#41=LINE('',#1972,#205);
#42=LINE('',#1975,#206);
#43=LINE('',#1976,#207);
#44=LINE('',#1978,#208);
#45=LINE('',#1981,#209);
#46=LINE('',#1983,#210);
#47=LINE('',#1985,#211);
#48=LINE('',#1987,#212);
#49=LINE('',#1990,#213);
#50=LINE('',#1992,#214);
#51=LINE('',#1994,#215);
#52=LINE('',#1996,#216);
#53=LINE('',#1999,#217);
#54=LINE('',#2000,#218);
#55=LINE('',#2002,#219);
#56=LINE('',#2004,#220);
#57=LINE('',#2006,#221);
#58=LINE('',#2008,#222);
#59=LINE('',#2010,#223);
#60=LINE('',#2012,#224);
#61=LINE('',#2014,#225);
#62=LINE('',#2017,#226);
#63=LINE('',#2018,#227);
#64=LINE('',#2020,#228);
#65=LINE('',#2022,#229);
#66=LINE('',#2024,#230);
#67=LINE('',#2026,#231);
#68=LINE('',#2028,#232);
#69=LINE('',#2030,#233);
#70=LINE('',#2032,#234);
#71=LINE('',#2033,#235);
#72=LINE('',#2035,#236);
#73=LINE('',#2037,#237);
#74=LINE('',#2039,#238);
#75=LINE('',#2041,#239);
#76=LINE('',#2044,#240);
#77=LINE('',#2045,#241);
#78=LINE('',#2046,#242);
#79=LINE('',#2048,#243);
#80=LINE('',#2050,#244);
#81=LINE('',#2052,#245);
#82=LINE('',#2053,#246);
#83=LINE('',#2055,#247);
#84=LINE('',#2057,#248);
#85=LINE('',#2059,#249);
#86=LINE('',#2060,#250);
#87=LINE('',#2063,#251);
#88=LINE('',#2065,#252);
#89=LINE('',#2067,#253);
#90=LINE('',#2081,#254);
#91=LINE('',#2083,#255);
#92=LINE('',#2085,#256);
#93=LINE('',#2087,#257);
#94=LINE('',#2090,#258);
#95=LINE('',#2092,#259);
#96=LINE('',#2094,#260);
#97=LINE('',#2096,#261);
#98=LINE('',#2098,#262);
#99=LINE('',#2100,#263);
#100=LINE('',#2102,#264);
#101=LINE('',#2104,#265);
#102=LINE('',#2107,#266);
#103=LINE('',#2109,#267);
#104=LINE('',#2111,#268);
#105=LINE('',#2114,#269);
#106=LINE('',#2116,#270);
#107=LINE('',#2118,#271);
#108=LINE('',#2120,#272);
#109=LINE('',#2122,#273);
#110=LINE('',#2124,#274);
#111=LINE('',#2126,#275);
#112=LINE('',#2128,#276);
#113=LINE('',#2130,#277);
#114=LINE('',#2131,#278);
#115=LINE('',#2133,#279);
#116=LINE('',#2136,#280);
#117=LINE('',#2138,#281);
#118=LINE('',#2140,#282);
#119=LINE('',#2142,#283);
#120=LINE('',#2145,#284);
#121=LINE('',#2147,#285);
#122=LINE('',#2149,#286);
#123=LINE('',#2150,#287);
#124=LINE('',#2151,#288);
#125=LINE('',#2153,#289);
#126=LINE('',#2156,#290);
#127=LINE('',#2158,#291);
#128=LINE('',#2160,#292);
#129=LINE('',#2161,#293);
#130=LINE('',#2163,#294);
#131=LINE('',#2165,#295);
#132=LINE('',#2167,#296);
#133=LINE('',#2169,#297);
#134=LINE('',#2171,#298);
#135=LINE('',#2173,#299);
#136=LINE('',#2175,#300);
#137=LINE('',#2177,#301);
#138=LINE('',#2179,#302);
#139=LINE('',#2181,#303);
#140=LINE('',#2183,#304);
#141=LINE('',#2185,#305);
#142=LINE('',#2187,#306);
#143=LINE('',#2188,#307);
#144=LINE('',#2190,#308);
#145=LINE('',#2192,#309);
#146=LINE('',#2193,#310);
#147=LINE('',#2195,#311);
#148=LINE('',#2197,#312);
#149=LINE('',#2198,#313);
#150=LINE('',#2200,#314);
#151=LINE('',#2202,#315);
#152=LINE('',#2204,#316);
#153=LINE('',#2206,#317);
#154=LINE('',#2207,#318);
#155=LINE('',#2209,#319);
#156=LINE('',#2211,#320);
#157=LINE('',#2213,#321);
#158=LINE('',#2216,#322);
#159=LINE('',#2218,#323);
#160=LINE('',#2220,#324);
#161=LINE('',#2222,#325);
#162=LINE('',#2225,#326);
#163=LINE('',#2227,#327);
#164=LINE('',#2229,#328);
#165=LINE('',#2231,#329);
#166=LINE('',#2232,#330);
#167=LINE('',#2234,#331);
#168=LINE('',#2237,#332);
#169=LINE('',#2239,#333);
#170=LINE('',#2241,#334);
#171=LINE('',#2243,#335);
#172=LINE('',#2244,#336);
#173=LINE('',#2246,#337);
#174=LINE('',#2248,#338);
#175=LINE('',#2249,#339);
#176=LINE('',#2251,#340);
#177=LINE('',#2253,#341);
#178=LINE('',#2255,#342);
#179=LINE('',#2257,#343);
#180=LINE('',#2259,#344);
#181=LINE('',#2261,#345);
#182=LINE('',#2263,#346);
#183=LINE('',#2265,#347);
#184=LINE('',#2267,#348);
#185=LINE('',#2270,#349);
#186=LINE('',#2271,#350);
#187=LINE('',#2273,#351);
#188=LINE('',#2275,#352);
#189=LINE('',#2277,#353);
#190=LINE('',#2278,#354);
#191=LINE('',#2280,#355);
#192=LINE('',#2281,#356);
#193=LINE('',#2283,#357);
#194=VECTOR('',#1599,1000.);
#195=VECTOR('',#1600,1000.);
#196=VECTOR('',#1601,1000.);
#197=VECTOR('',#1602,1000.);
#198=VECTOR('',#1607,1000.);
#199=VECTOR('',#1608,1000.);
#200=VECTOR('',#1609,1000.);
#201=VECTOR('',#1612,1000.);
#202=VECTOR('',#1613,1000.);
#203=VECTOR('',#1614,1000.);
#204=VECTOR('',#1615,1000.);
#205=VECTOR('',#1618,1000.);
#206=VECTOR('',#1619,1000.);
#207=VECTOR('',#1620,1000.);
#208=VECTOR('',#1623,1000.);
#209=VECTOR('',#1624,1000.);
#210=VECTOR('',#1625,1000.);
#211=VECTOR('',#1626,1000.);
#212=VECTOR('',#1629,1000.);
#213=VECTOR('',#1630,1000.);
#214=VECTOR('',#1631,1000.);
#215=VECTOR('',#1632,1000.);
#216=VECTOR('',#1635,1000.);
#217=VECTOR('',#1636,1000.);
#218=VECTOR('',#1637,1000.);
#219=VECTOR('',#1640,1000.);
#220=VECTOR('',#1641,1000.);
#221=VECTOR('',#1642,1000.);
#222=VECTOR('',#1645,1000.);
#223=VECTOR('',#1646,1000.);
#224=VECTOR('',#1647,1000.);
#225=VECTOR('',#1650,1000.);
#226=VECTOR('',#1651,1000.);
#227=VECTOR('',#1652,1000.);
#228=VECTOR('',#1655,1000.);
#229=VECTOR('',#1656,1000.);
#230=VECTOR('',#1657,1000.);
#231=VECTOR('',#1660,1000.);
#232=VECTOR('',#1661,1000.);
#233=VECTOR('',#1662,1000.);
#234=VECTOR('',#1665,1000.);
#235=VECTOR('',#1666,1000.);
#236=VECTOR('',#1669,1000.);
#237=VECTOR('',#1670,1000.);
#238=VECTOR('',#1671,1000.);
#239=VECTOR('',#1674,1000.);
#240=VECTOR('',#1675,1000.);
#241=VECTOR('',#1676,1000.);
#242=VECTOR('',#1677,1000.);
#243=VECTOR('',#1678,1000.);
#244=VECTOR('',#1679,1000.);
#245=VECTOR('',#1682,1000.);
#246=VECTOR('',#1683,1000.);
#247=VECTOR('',#1686,1000.);
#248=VECTOR('',#1687,1000.);
#249=VECTOR('',#1688,1000.);
#250=VECTOR('',#1689,1000.);
#251=VECTOR('',#1694,1000.);
#252=VECTOR('',#1697,1000.);
#253=VECTOR('',#1700,1000.);
#254=VECTOR('',#1721,1000.);
#255=VECTOR('',#1722,1000.);
#256=VECTOR('',#1723,1000.);
#257=VECTOR('',#1726,1000.);
#258=VECTOR('',#1727,1000.);
#259=VECTOR('',#1728,1000.);
#260=VECTOR('',#1729,1000.);
#261=VECTOR('',#1730,1000.);
#262=VECTOR('',#1731,1000.);
#263=VECTOR('',#1734,1000.);
#264=VECTOR('',#1735,1000.);
#265=VECTOR('',#1738,1000.);
#266=VECTOR('',#1739,1000.);
#267=VECTOR('',#1740,1000.);
#268=VECTOR('',#1743,1000.);
#269=VECTOR('',#1744,1000.);
#270=VECTOR('',#1745,1000.);
#271=VECTOR('',#1746,1000.);
#272=VECTOR('',#1747,1000.);
#273=VECTOR('',#1750,1000.);
#274=VECTOR('',#1751,1000.);
#275=VECTOR('',#1752,1000.);
#276=VECTOR('',#1753,1000.);
#277=VECTOR('',#1754,1000.);
#278=VECTOR('',#1755,1000.);
#279=VECTOR('',#1758,1000.);
#280=VECTOR('',#1759,1000.);
#281=VECTOR('',#1760,1000.);
#282=VECTOR('',#1761,1000.);
#283=VECTOR('',#1764,1000.);
#284=VECTOR('',#1765,1000.);
#285=VECTOR('',#1766,1000.);
#286=VECTOR('',#1769,1000.);
#287=VECTOR('',#1770,1000.);
#288=VECTOR('',#1771,1000.);
#289=VECTOR('',#1774,1000.);
#290=VECTOR('',#1775,1000.);
#291=VECTOR('',#1776,1000.);
#292=VECTOR('',#1779,1000.);
#293=VECTOR('',#1780,1000.);
#294=VECTOR('',#1783,1000.);
#295=VECTOR('',#1786,1000.);
#296=VECTOR('',#1787,1000.);
#297=VECTOR('',#1790,1000.);
#298=VECTOR('',#1791,1000.);
#299=VECTOR('',#1792,1000.);
#300=VECTOR('',#1795,1000.);
#301=VECTOR('',#1798,1000.);
#302=VECTOR('',#1799,1000.);
#303=VECTOR('',#1800,1000.);
#304=VECTOR('',#1803,1000.);
#305=VECTOR('',#1806,1000.);
#306=VECTOR('',#1807,1000.);
#307=VECTOR('',#1808,1000.);
#308=VECTOR('',#1811,1000.);
#309=VECTOR('',#1814,1000.);
#310=VECTOR('',#1815,1000.);
#311=VECTOR('',#1818,1000.);
#312=VECTOR('',#1819,1000.);
#313=VECTOR('',#1820,1000.);
#314=VECTOR('',#1823,1000.);
#315=VECTOR('',#1824,1000.);
#316=VECTOR('',#1827,1000.);
#317=VECTOR('',#1830,1000.);
#318=VECTOR('',#1831,1000.);
#319=VECTOR('',#1834,1000.);
#320=VECTOR('',#1837,1000.);
#321=VECTOR('',#1840,1000.);
#322=VECTOR('',#1841,1000.);
#323=VECTOR('',#1842,1000.);
#324=VECTOR('',#1843,1000.);
#325=VECTOR('',#1846,1000.);
#326=VECTOR('',#1847,1000.);
#327=VECTOR('',#1848,1000.);
#328=VECTOR('',#1849,1000.);
#329=VECTOR('',#1852,1000.);
#330=VECTOR('',#1853,1000.);
#331=VECTOR('',#1856,1000.);
#332=VECTOR('',#1857,1000.);
#333=VECTOR('',#1858,1000.);
#334=VECTOR('',#1859,1000.);
#335=VECTOR('',#1862,1000.);
#336=VECTOR('',#1863,1000.);
#337=VECTOR('',#1866,1000.);
#338=VECTOR('',#1869,1000.);
#339=VECTOR('',#1870,1000.);
#340=VECTOR('',#1871,1000.);
#341=VECTOR('',#1872,1000.);
#342=VECTOR('',#1873,1000.);
#343=VECTOR('',#1876,1000.);
#344=VECTOR('',#1877,1000.);
#345=VECTOR('',#1878,1000.);
#346=VECTOR('',#1881,1000.);
#347=VECTOR('',#1882,1000.);
#348=VECTOR('',#1885,1000.);
#349=VECTOR('',#1886,1000.);
#350=VECTOR('',#1887,1000.);
#351=VECTOR('',#1890,1000.);
#352=VECTOR('',#1891,1000.);
#353=VECTOR('',#1894,1000.);
#354=VECTOR('',#1895,1000.);
#355=VECTOR('',#1898,1000.);
#356=VECTOR('',#1899,1000.);
#357=VECTOR('',#1902,1000.);
#358=PLANE('',#1483);
#359=PLANE('',#1484);
#360=PLANE('',#1486);
#361=PLANE('',#1487);
#362=PLANE('',#1488);
#363=PLANE('',#1489);
#364=PLANE('',#1490);
#365=PLANE('',#1491);
#366=PLANE('',#1492);
#367=PLANE('',#1493);
#368=PLANE('',#1494);
#369=PLANE('',#1495);
#370=PLANE('',#1496);
#371=PLANE('',#1497);
#372=PLANE('',#1498);
#373=PLANE('',#1499);
#374=PLANE('',#1500);
#375=PLANE('',#1501);
#376=PLANE('',#1502);
#377=PLANE('',#1503);
#378=PLANE('',#1504);
#379=PLANE('',#1505);
#380=PLANE('',#1514);
#381=PLANE('',#1515);
#382=PLANE('',#1516);
#383=PLANE('',#1517);
#384=PLANE('',#1518);
#385=PLANE('',#1519);
#386=PLANE('',#1520);
#387=PLANE('',#1521);
#388=PLANE('',#1522);
#389=PLANE('',#1523);
#390=PLANE('',#1524);
#391=PLANE('',#1525);
#392=PLANE('',#1526);
#393=PLANE('',#1527);
#394=PLANE('',#1528);
#395=PLANE('',#1529);
#396=PLANE('',#1530);
#397=PLANE('',#1531);
#398=PLANE('',#1532);
#399=PLANE('',#1533);
#400=PLANE('',#1534);
#401=PLANE('',#1535);
#402=PLANE('',#1536);
#403=PLANE('',#1537);
#404=PLANE('',#1538);
#405=PLANE('',#1539);
#406=PLANE('',#1540);
#407=PLANE('',#1541);
#408=PLANE('',#1542);
#409=PLANE('',#1543);
#410=PLANE('',#1544);
#411=PLANE('',#1545);
#412=PLANE('',#1546);
#413=PLANE('',#1547);
#414=PLANE('',#1548);
#415=PLANE('',#1549);
#416=PLANE('',#1550);
#417=PLANE('',#1551);
#418=PLANE('',#1552);
#419=PLANE('',#1553);
#420=PLANE('',#1554);
#421=PLANE('',#1555);
#422=PLANE('',#1556);
#423=PLANE('',#1557);
#424=PLANE('',#1558);
#425=ELLIPSE('',#1467,16.3149566848437,7.5);
#426=ELLIPSE('',#1468,12.9903827108146,7.5);
#427=ELLIPSE('',#1469,16.3149609414373,7.5);
#428=ELLIPSE('',#1472,16.3149566848437,7.5);
#429=ELLIPSE('',#1474,16.3149609414373,7.5);
#430=ELLIPSE('',#1477,31.1618044773669,7.5);
#431=ELLIPSE('',#1479,31.1618044773669,7.5);
#432=ORIENTED_EDGE('',*,*,#800,.T.);
#433=ORIENTED_EDGE('',*,*,#801,.T.);
#434=ORIENTED_EDGE('',*,*,#802,.F.);
#435=ORIENTED_EDGE('',*,*,#803,.T.);
#436=ORIENTED_EDGE('',*,*,#804,.F.);
#437=ORIENTED_EDGE('',*,*,#802,.T.);
#438=ORIENTED_EDGE('',*,*,#805,.T.);
#439=ORIENTED_EDGE('',*,*,#806,.F.);
#440=ORIENTED_EDGE('',*,*,#807,.T.);
#441=ORIENTED_EDGE('',*,*,#808,.F.);
#442=ORIENTED_EDGE('',*,*,#809,.T.);
#443=ORIENTED_EDGE('',*,*,#810,.T.);
#444=ORIENTED_EDGE('',*,*,#811,.T.);
#445=ORIENTED_EDGE('',*,*,#812,.F.);
#446=ORIENTED_EDGE('',*,*,#813,.T.);
#447=ORIENTED_EDGE('',*,*,#801,.F.);
#448=ORIENTED_EDGE('',*,*,#814,.F.);
#449=ORIENTED_EDGE('',*,*,#805,.F.);
#450=ORIENTED_EDGE('',*,*,#815,.F.);
#451=ORIENTED_EDGE('',*,*,#816,.T.);
#452=ORIENTED_EDGE('',*,*,#817,.T.);
#453=ORIENTED_EDGE('',*,*,#818,.F.);
#454=ORIENTED_EDGE('',*,*,#819,.F.);
#455=ORIENTED_EDGE('',*,*,#820,.F.);
#456=ORIENTED_EDGE('',*,*,#821,.T.);
#457=ORIENTED_EDGE('',*,*,#815,.T.);
#458=ORIENTED_EDGE('',*,*,#822,.F.);
#459=ORIENTED_EDGE('',*,*,#823,.F.);
#460=ORIENTED_EDGE('',*,*,#824,.F.);
#461=ORIENTED_EDGE('',*,*,#825,.T.);
#462=ORIENTED_EDGE('',*,*,#826,.T.);
#463=ORIENTED_EDGE('',*,*,#827,.T.);
#464=ORIENTED_EDGE('',*,*,#828,.T.);
#465=ORIENTED_EDGE('',*,*,#826,.F.);
#466=ORIENTED_EDGE('',*,*,#829,.F.);
#467=ORIENTED_EDGE('',*,*,#830,.F.);
#468=ORIENTED_EDGE('',*,*,#831,.T.);
#469=ORIENTED_EDGE('',*,*,#832,.F.);
#470=ORIENTED_EDGE('',*,*,#833,.F.);
#471=ORIENTED_EDGE('',*,*,#834,.F.);
#472=ORIENTED_EDGE('',*,*,#835,.F.);
#473=ORIENTED_EDGE('',*,*,#836,.F.);
#474=ORIENTED_EDGE('',*,*,#837,.F.);
#475=ORIENTED_EDGE('',*,*,#838,.F.);
#476=ORIENTED_EDGE('',*,*,#839,.T.);
#477=ORIENTED_EDGE('',*,*,#820,.T.);
#478=ORIENTED_EDGE('',*,*,#840,.F.);
#479=ORIENTED_EDGE('',*,*,#841,.F.);
#480=ORIENTED_EDGE('',*,*,#838,.T.);
#481=ORIENTED_EDGE('',*,*,#842,.T.);
#482=ORIENTED_EDGE('',*,*,#843,.T.);
#483=ORIENTED_EDGE('',*,*,#844,.F.);
#484=ORIENTED_EDGE('',*,*,#845,.T.);
#485=ORIENTED_EDGE('',*,*,#846,.T.);
#486=ORIENTED_EDGE('',*,*,#817,.F.);
#487=ORIENTED_EDGE('',*,*,#847,.F.);
#488=ORIENTED_EDGE('',*,*,#848,.T.);
#489=ORIENTED_EDGE('',*,*,#837,.T.);
#490=ORIENTED_EDGE('',*,*,#849,.F.);
#491=ORIENTED_EDGE('',*,*,#824,.T.);
#492=ORIENTED_EDGE('',*,*,#850,.T.);
#493=ORIENTED_EDGE('',*,*,#851,.F.);
#494=ORIENTED_EDGE('',*,*,#852,.T.);
#495=ORIENTED_EDGE('',*,*,#831,.F.);
#496=ORIENTED_EDGE('',*,*,#853,.T.);
#497=ORIENTED_EDGE('',*,*,#854,.T.);
#498=ORIENTED_EDGE('',*,*,#855,.F.);
#499=ORIENTED_EDGE('',*,*,#856,.F.);
#500=ORIENTED_EDGE('',*,*,#847,.T.);
#501=ORIENTED_EDGE('',*,*,#857,.T.);
#502=ORIENTED_EDGE('',*,*,#854,.F.);
#503=ORIENTED_EDGE('',*,*,#858,.F.);
#504=ORIENTED_EDGE('',*,*,#827,.F.);
#505=ORIENTED_EDGE('',*,*,#859,.T.);
#506=ORIENTED_EDGE('',*,*,#860,.T.);
#507=ORIENTED_EDGE('',*,*,#861,.F.);
#508=ORIENTED_EDGE('',*,*,#862,.T.);
#509=ORIENTED_EDGE('',*,*,#835,.T.);
#510=ORIENTED_EDGE('',*,*,#863,.F.);
#511=ORIENTED_EDGE('',*,*,#843,.F.);
#512=ORIENTED_EDGE('',*,*,#864,.T.);
#513=ORIENTED_EDGE('',*,*,#865,.T.);
#514=ORIENTED_EDGE('',*,*,#866,.F.);
#515=ORIENTED_EDGE('',*,*,#813,.F.);
#516=ORIENTED_EDGE('',*,*,#867,.T.);
#517=ORIENTED_EDGE('',*,*,#850,.F.);
#518=ORIENTED_EDGE('',*,*,#823,.T.);
#519=ORIENTED_EDGE('',*,*,#828,.F.);
#520=ORIENTED_EDGE('',*,*,#858,.T.);
#521=ORIENTED_EDGE('',*,*,#868,.F.);
#522=ORIENTED_EDGE('',*,*,#864,.F.);
#523=ORIENTED_EDGE('',*,*,#842,.F.);
#524=ORIENTED_EDGE('',*,*,#840,.T.);
#525=ORIENTED_EDGE('',*,*,#822,.T.);
#526=ORIENTED_EDGE('',*,*,#818,.T.);
#527=ORIENTED_EDGE('',*,*,#846,.F.);
#528=ORIENTED_EDGE('',*,*,#833,.T.);
#529=ORIENTED_EDGE('',*,*,#869,.T.);
#530=ORIENTED_EDGE('',*,*,#870,.F.);
#531=ORIENTED_EDGE('',*,*,#871,.F.);
#532=ORIENTED_EDGE('',*,*,#851,.T.);
#533=ORIENTED_EDGE('',*,*,#867,.F.);
#534=ORIENTED_EDGE('',*,*,#845,.F.);
#535=ORIENTED_EDGE('',*,*,#872,.T.);
#536=ORIENTED_EDGE('',*,*,#863,.T.);
#537=ORIENTED_EDGE('',*,*,#834,.T.);
#538=ORIENTED_EDGE('',*,*,#848,.F.);
#539=ORIENTED_EDGE('',*,*,#856,.T.);
#540=ORIENTED_EDGE('',*,*,#853,.F.);
#541=ORIENTED_EDGE('',*,*,#830,.T.);
#542=ORIENTED_EDGE('',*,*,#872,.F.);
#543=ORIENTED_EDGE('',*,*,#844,.T.);
#544=ORIENTED_EDGE('',*,*,#816,.F.);
#545=ORIENTED_EDGE('',*,*,#821,.F.);
#546=ORIENTED_EDGE('',*,*,#839,.F.);
#547=ORIENTED_EDGE('',*,*,#841,.T.);
#548=ORIENTED_EDGE('',*,*,#865,.F.);
#549=ORIENTED_EDGE('',*,*,#868,.T.);
#550=ORIENTED_EDGE('',*,*,#860,.F.);
#551=ORIENTED_EDGE('',*,*,#873,.T.);
#552=ORIENTED_EDGE('',*,*,#874,.T.);
#553=ORIENTED_EDGE('',*,*,#869,.F.);
#554=ORIENTED_EDGE('',*,*,#832,.T.);
#555=ORIENTED_EDGE('',*,*,#855,.T.);
#556=ORIENTED_EDGE('',*,*,#857,.F.);
#557=ORIENTED_EDGE('',*,*,#849,.T.);
#558=ORIENTED_EDGE('',*,*,#836,.T.);
#559=ORIENTED_EDGE('',*,*,#862,.F.);
#560=ORIENTED_EDGE('',*,*,#866,.T.);
#561=ORIENTED_EDGE('',*,*,#873,.F.);
#562=ORIENTED_EDGE('',*,*,#859,.F.);
#563=ORIENTED_EDGE('',*,*,#829,.T.);
#564=ORIENTED_EDGE('',*,*,#825,.F.);
#565=ORIENTED_EDGE('',*,*,#852,.F.);
#566=ORIENTED_EDGE('',*,*,#871,.T.);
#567=ORIENTED_EDGE('',*,*,#875,.F.);
#568=ORIENTED_EDGE('',*,*,#876,.T.);
#569=ORIENTED_EDGE('',*,*,#861,.T.);
#570=ORIENTED_EDGE('',*,*,#875,.T.);
#571=ORIENTED_EDGE('',*,*,#870,.T.);
#572=ORIENTED_EDGE('',*,*,#874,.F.);
#573=ORIENTED_EDGE('',*,*,#877,.T.);
#574=ORIENTED_EDGE('',*,*,#876,.F.);
#575=ORIENTED_EDGE('',*,*,#819,.T.);
#576=ORIENTED_EDGE('',*,*,#877,.F.);
#577=ORIENTED_EDGE('',*,*,#803,.F.);
#578=ORIENTED_EDGE('',*,*,#807,.F.);
#579=ORIENTED_EDGE('',*,*,#878,.T.);
#580=ORIENTED_EDGE('',*,*,#879,.T.);
#581=ORIENTED_EDGE('',*,*,#814,.T.);
#582=ORIENTED_EDGE('',*,*,#800,.F.);
#583=ORIENTED_EDGE('',*,*,#878,.F.);
#584=ORIENTED_EDGE('',*,*,#806,.T.);
#585=ORIENTED_EDGE('',*,*,#811,.F.);
#586=ORIENTED_EDGE('',*,*,#880,.T.);
#587=ORIENTED_EDGE('',*,*,#881,.F.);
#588=ORIENTED_EDGE('',*,*,#882,.F.);
#589=ORIENTED_EDGE('',*,*,#883,.T.);
#590=ORIENTED_EDGE('',*,*,#884,.T.);
#591=ORIENTED_EDGE('',*,*,#885,.F.);
#592=ORIENTED_EDGE('',*,*,#886,.T.);
#593=ORIENTED_EDGE('',*,*,#887,.T.);
#594=ORIENTED_EDGE('',*,*,#888,.F.);
#595=ORIENTED_EDGE('',*,*,#889,.F.);
#596=ORIENTED_EDGE('',*,*,#883,.F.);
#597=ORIENTED_EDGE('',*,*,#890,.T.);
#598=ORIENTED_EDGE('',*,*,#891,.F.);
#599=ORIENTED_EDGE('',*,*,#892,.T.);
#600=ORIENTED_EDGE('',*,*,#893,.F.);
#601=ORIENTED_EDGE('',*,*,#894,.F.);
#602=ORIENTED_EDGE('',*,*,#895,.T.);
#603=ORIENTED_EDGE('',*,*,#896,.F.);
#604=ORIENTED_EDGE('',*,*,#897,.F.);
#605=ORIENTED_EDGE('',*,*,#898,.T.);
#606=ORIENTED_EDGE('',*,*,#899,.F.);
#607=ORIENTED_EDGE('',*,*,#900,.T.);
#608=ORIENTED_EDGE('',*,*,#901,.T.);
#609=ORIENTED_EDGE('',*,*,#902,.F.);
#610=ORIENTED_EDGE('',*,*,#903,.T.);
#611=ORIENTED_EDGE('',*,*,#904,.F.);
#612=ORIENTED_EDGE('',*,*,#893,.T.);
#613=ORIENTED_EDGE('',*,*,#905,.T.);
#614=ORIENTED_EDGE('',*,*,#906,.F.);
#615=ORIENTED_EDGE('',*,*,#907,.T.);
#616=ORIENTED_EDGE('',*,*,#908,.F.);
#617=ORIENTED_EDGE('',*,*,#909,.T.);
#618=ORIENTED_EDGE('',*,*,#910,.T.);
#619=ORIENTED_EDGE('',*,*,#911,.F.);
#620=ORIENTED_EDGE('',*,*,#912,.F.);
#621=ORIENTED_EDGE('',*,*,#913,.T.);
#622=ORIENTED_EDGE('',*,*,#914,.T.);
#623=ORIENTED_EDGE('',*,*,#910,.F.);
#624=ORIENTED_EDGE('',*,*,#915,.F.);
#625=ORIENTED_EDGE('',*,*,#916,.T.);
#626=ORIENTED_EDGE('',*,*,#917,.F.);
#627=ORIENTED_EDGE('',*,*,#918,.T.);
#628=ORIENTED_EDGE('',*,*,#917,.T.);
#629=ORIENTED_EDGE('',*,*,#919,.F.);
#630=ORIENTED_EDGE('',*,*,#887,.F.);
#631=ORIENTED_EDGE('',*,*,#914,.F.);
#632=ORIENTED_EDGE('',*,*,#888,.T.);
#633=ORIENTED_EDGE('',*,*,#919,.T.);
#634=ORIENTED_EDGE('',*,*,#920,.F.);
#635=ORIENTED_EDGE('',*,*,#896,.T.);
#636=ORIENTED_EDGE('',*,*,#921,.T.);
#637=ORIENTED_EDGE('',*,*,#922,.T.);
#638=ORIENTED_EDGE('',*,*,#923,.F.);
#639=ORIENTED_EDGE('',*,*,#924,.T.);
#640=ORIENTED_EDGE('',*,*,#925,.F.);
#641=ORIENTED_EDGE('',*,*,#926,.T.);
#642=ORIENTED_EDGE('',*,*,#923,.T.);
#643=ORIENTED_EDGE('',*,*,#897,.T.);
#644=ORIENTED_EDGE('',*,*,#912,.T.);
#645=ORIENTED_EDGE('',*,*,#927,.F.);
#646=ORIENTED_EDGE('',*,*,#928,.T.);
#647=ORIENTED_EDGE('',*,*,#929,.F.);
#648=ORIENTED_EDGE('',*,*,#890,.F.);
#649=ORIENTED_EDGE('',*,*,#913,.F.);
#650=ORIENTED_EDGE('',*,*,#922,.F.);
#651=ORIENTED_EDGE('',*,*,#930,.F.);
#652=ORIENTED_EDGE('',*,*,#881,.T.);
#653=ORIENTED_EDGE('',*,*,#903,.F.);
#654=ORIENTED_EDGE('',*,*,#931,.F.);
#655=ORIENTED_EDGE('',*,*,#891,.T.);
#656=ORIENTED_EDGE('',*,*,#932,.T.);
#657=ORIENTED_EDGE('',*,*,#886,.F.);
#658=ORIENTED_EDGE('',*,*,#933,.F.);
#659=ORIENTED_EDGE('',*,*,#934,.T.);
#660=ORIENTED_EDGE('',*,*,#911,.T.);
#661=ORIENTED_EDGE('',*,*,#920,.T.);
#662=ORIENTED_EDGE('',*,*,#916,.F.);
#663=ORIENTED_EDGE('',*,*,#935,.F.);
#664=ORIENTED_EDGE('',*,*,#936,.F.);
#665=ORIENTED_EDGE('',*,*,#926,.F.);
#666=ORIENTED_EDGE('',*,*,#909,.F.);
#667=ORIENTED_EDGE('',*,*,#809,.F.);
#668=ORIENTED_EDGE('',*,*,#937,.F.);
#669=ORIENTED_EDGE('',*,*,#938,.F.);
#670=ORIENTED_EDGE('',*,*,#898,.F.);
#671=ORIENTED_EDGE('',*,*,#925,.T.);
#672=ORIENTED_EDGE('',*,*,#939,.T.);
#673=ORIENTED_EDGE('',*,*,#940,.F.);
#674=ORIENTED_EDGE('',*,*,#918,.F.);
#675=ORIENTED_EDGE('',*,*,#932,.F.);
#676=ORIENTED_EDGE('',*,*,#941,.F.);
#677=ORIENTED_EDGE('',*,*,#942,.F.);
#678=ORIENTED_EDGE('',*,*,#907,.F.);
#679=ORIENTED_EDGE('',*,*,#935,.T.);
#680=ORIENTED_EDGE('',*,*,#934,.F.);
#681=ORIENTED_EDGE('',*,*,#810,.F.);
#682=ORIENTED_EDGE('',*,*,#939,.F.);
#683=ORIENTED_EDGE('',*,*,#943,.T.);
#684=ORIENTED_EDGE('',*,*,#905,.F.);
#685=ORIENTED_EDGE('',*,*,#944,.T.);
#686=ORIENTED_EDGE('',*,*,#880,.F.);
#687=ORIENTED_EDGE('',*,*,#942,.T.);
#688=ORIENTED_EDGE('',*,*,#915,.T.);
#689=ORIENTED_EDGE('',*,*,#940,.T.);
#690=ORIENTED_EDGE('',*,*,#945,.F.);
#691=ORIENTED_EDGE('',*,*,#941,.T.);
#692=ORIENTED_EDGE('',*,*,#904,.T.);
#693=ORIENTED_EDGE('',*,*,#946,.T.);
#694=ORIENTED_EDGE('',*,*,#947,.F.);
#695=ORIENTED_EDGE('',*,*,#948,.T.);
#696=ORIENTED_EDGE('',*,*,#949,.F.);
#697=ORIENTED_EDGE('',*,*,#950,.T.);
#698=ORIENTED_EDGE('',*,*,#951,.F.);
#699=ORIENTED_EDGE('',*,*,#952,.T.);
#700=ORIENTED_EDGE('',*,*,#953,.F.);
#701=ORIENTED_EDGE('',*,*,#954,.T.);
#702=ORIENTED_EDGE('',*,*,#955,.T.);
#703=ORIENTED_EDGE('',*,*,#953,.T.);
#704=ORIENTED_EDGE('',*,*,#956,.F.);
#705=ORIENTED_EDGE('',*,*,#928,.F.);
#706=ORIENTED_EDGE('',*,*,#957,.T.);
#707=ORIENTED_EDGE('',*,*,#958,.T.);
#708=ORIENTED_EDGE('',*,*,#959,.T.);
#709=ORIENTED_EDGE('',*,*,#960,.F.);
#710=ORIENTED_EDGE('',*,*,#961,.F.);
#711=ORIENTED_EDGE('',*,*,#933,.T.);
#712=ORIENTED_EDGE('',*,*,#885,.T.);
#713=ORIENTED_EDGE('',*,*,#962,.T.);
#714=ORIENTED_EDGE('',*,*,#959,.F.);
#715=ORIENTED_EDGE('',*,*,#956,.T.);
#716=ORIENTED_EDGE('',*,*,#963,.T.);
#717=ORIENTED_EDGE('',*,*,#962,.F.);
#718=ORIENTED_EDGE('',*,*,#884,.F.);
#719=ORIENTED_EDGE('',*,*,#889,.T.);
#720=ORIENTED_EDGE('',*,*,#929,.T.);
#721=ORIENTED_EDGE('',*,*,#964,.T.);
#722=ORIENTED_EDGE('',*,*,#901,.F.);
#723=ORIENTED_EDGE('',*,*,#965,.T.);
#724=ORIENTED_EDGE('',*,*,#966,.T.);
#725=ORIENTED_EDGE('',*,*,#967,.F.);
#726=ORIENTED_EDGE('',*,*,#968,.F.);
#727=ORIENTED_EDGE('',*,*,#948,.F.);
#728=ORIENTED_EDGE('',*,*,#804,.T.);
#729=ORIENTED_EDGE('',*,*,#969,.T.);
#730=ORIENTED_EDGE('',*,*,#894,.T.);
#731=ORIENTED_EDGE('',*,*,#938,.T.);
#732=ORIENTED_EDGE('',*,*,#970,.F.);
#733=ORIENTED_EDGE('',*,*,#971,.F.);
#734=ORIENTED_EDGE('',*,*,#972,.F.);
#735=ORIENTED_EDGE('',*,*,#954,.F.);
#736=ORIENTED_EDGE('',*,*,#955,.F.);
#737=ORIENTED_EDGE('',*,*,#927,.T.);
#738=ORIENTED_EDGE('',*,*,#921,.F.);
#739=ORIENTED_EDGE('',*,*,#895,.F.);
#740=ORIENTED_EDGE('',*,*,#969,.F.);
#741=ORIENTED_EDGE('',*,*,#973,.T.);
#742=ORIENTED_EDGE('',*,*,#974,.F.);
#743=ORIENTED_EDGE('',*,*,#975,.F.);
#744=ORIENTED_EDGE('',*,*,#960,.T.);
#745=ORIENTED_EDGE('',*,*,#963,.F.);
#746=ORIENTED_EDGE('',*,*,#952,.F.);
#747=ORIENTED_EDGE('',*,*,#976,.T.);
#748=ORIENTED_EDGE('',*,*,#977,.T.);
#749=ORIENTED_EDGE('',*,*,#976,.F.);
#750=ORIENTED_EDGE('',*,*,#951,.T.);
#751=ORIENTED_EDGE('',*,*,#972,.T.);
#752=ORIENTED_EDGE('',*,*,#978,.T.);
#753=ORIENTED_EDGE('',*,*,#979,.T.);
#754=ORIENTED_EDGE('',*,*,#966,.F.);
#755=ORIENTED_EDGE('',*,*,#980,.T.);
#756=ORIENTED_EDGE('',*,*,#899,.T.);
#757=ORIENTED_EDGE('',*,*,#892,.F.);
#758=ORIENTED_EDGE('',*,*,#931,.T.);
#759=ORIENTED_EDGE('',*,*,#961,.T.);
#760=ORIENTED_EDGE('',*,*,#958,.F.);
#761=ORIENTED_EDGE('',*,*,#808,.T.);
#762=ORIENTED_EDGE('',*,*,#971,.T.);
#763=ORIENTED_EDGE('',*,*,#981,.T.);
#764=ORIENTED_EDGE('',*,*,#950,.F.);
#765=ORIENTED_EDGE('',*,*,#982,.T.);
#766=ORIENTED_EDGE('',*,*,#978,.F.);
#767=ORIENTED_EDGE('',*,*,#973,.F.);
#768=ORIENTED_EDGE('',*,*,#879,.F.);
#769=ORIENTED_EDGE('',*,*,#983,.T.);
#770=ORIENTED_EDGE('',*,*,#974,.T.);
#771=ORIENTED_EDGE('',*,*,#977,.F.);
#772=ORIENTED_EDGE('',*,*,#982,.F.);
#773=ORIENTED_EDGE('',*,*,#949,.T.);
#774=ORIENTED_EDGE('',*,*,#968,.T.);
#775=ORIENTED_EDGE('',*,*,#937,.T.);
#776=ORIENTED_EDGE('',*,*,#812,.T.);
#777=ORIENTED_EDGE('',*,*,#882,.T.);
#778=ORIENTED_EDGE('',*,*,#930,.T.);
#779=ORIENTED_EDGE('',*,*,#902,.T.);
#780=ORIENTED_EDGE('',*,*,#964,.F.);
#781=ORIENTED_EDGE('',*,*,#947,.T.);
#782=ORIENTED_EDGE('',*,*,#981,.F.);
#783=ORIENTED_EDGE('',*,*,#970,.T.);
#784=ORIENTED_EDGE('',*,*,#983,.F.);
#785=ORIENTED_EDGE('',*,*,#967,.T.);
#786=ORIENTED_EDGE('',*,*,#979,.F.);
#787=ORIENTED_EDGE('',*,*,#957,.F.);
#788=ORIENTED_EDGE('',*,*,#975,.T.);
#789=ORIENTED_EDGE('',*,*,#980,.F.);
#790=ORIENTED_EDGE('',*,*,#965,.F.);
#791=ORIENTED_EDGE('',*,*,#900,.F.);
#792=ORIENTED_EDGE('',*,*,#924,.F.);
#793=ORIENTED_EDGE('',*,*,#936,.T.);
#794=ORIENTED_EDGE('',*,*,#906,.T.);
#795=ORIENTED_EDGE('',*,*,#943,.F.);
#796=ORIENTED_EDGE('',*,*,#944,.F.);
#797=ORIENTED_EDGE('',*,*,#908,.T.);
#798=ORIENTED_EDGE('',*,*,#945,.T.);
#799=ORIENTED_EDGE('',*,*,#946,.F.);
#800=EDGE_CURVE('',#984,#985,#1101,.T.);
#801=EDGE_CURVE('',#985,#986,#425,.F.);
#802=EDGE_CURVE('',#987,#986,#426,.T.);
#803=EDGE_CURVE('',#987,#984,#427,.T.);
#804=EDGE_CURVE('',#988,#988,#1102,.T.);
#805=EDGE_CURVE('',#986,#989,#428,.F.);
#806=EDGE_CURVE('',#990,#989,#1103,.F.);
#807=EDGE_CURVE('',#990,#987,#429,.T.);
#808=EDGE_CURVE('',#991,#991,#1104,.T.);
#809=EDGE_CURVE('',#992,#993,#430,.T.);
#810=EDGE_CURVE('',#993,#994,#1105,.T.);
#811=EDGE_CURVE('',#994,#995,#431,.T.);
#812=EDGE_CURVE('',#992,#995,#1106,.T.);
#813=EDGE_CURVE('',#996,#996,#1107,.T.);
#814=EDGE_CURVE('',#989,#985,#1108,.T.);
#815=EDGE_CURVE('',#997,#998,#30,.T.);
#816=EDGE_CURVE('',#997,#999,#31,.T.);
#817=EDGE_CURVE('',#999,#1000,#32,.T.);
#818=EDGE_CURVE('',#998,#1000,#33,.T.);
#819=EDGE_CURVE('',#1001,#1001,#1109,.T.);
#820=EDGE_CURVE('',#1002,#1003,#34,.T.);
#821=EDGE_CURVE('',#1002,#997,#35,.T.);
#822=EDGE_CURVE('',#1003,#998,#36,.T.);
#823=EDGE_CURVE('',#1004,#1005,#37,.T.);
#824=EDGE_CURVE('',#1006,#1004,#38,.T.);
#825=EDGE_CURVE('',#1006,#1007,#39,.T.);
#826=EDGE_CURVE('',#1007,#1005,#40,.T.);
#827=EDGE_CURVE('',#1008,#1009,#41,.T.);
#828=EDGE_CURVE('',#1009,#1005,#42,.T.);
#829=EDGE_CURVE('',#1008,#1007,#43,.T.);
#830=EDGE_CURVE('',#1010,#1011,#44,.T.);
#831=EDGE_CURVE('',#1010,#1012,#45,.T.);
#832=EDGE_CURVE('',#1013,#1012,#46,.T.);
#833=EDGE_CURVE('',#1011,#1013,#47,.T.);
#834=EDGE_CURVE('',#1014,#1015,#48,.T.);
#835=EDGE_CURVE('',#1016,#1014,#49,.T.);
#836=EDGE_CURVE('',#1017,#1016,#50,.T.);
#837=EDGE_CURVE('',#1015,#1017,#51,.T.);
#838=EDGE_CURVE('',#1018,#1019,#52,.T.);
#839=EDGE_CURVE('',#1018,#1002,#53,.T.);
#840=EDGE_CURVE('',#1019,#1003,#54,.T.);
#841=EDGE_CURVE('',#1018,#1020,#55,.T.);
#842=EDGE_CURVE('',#1019,#1021,#56,.T.);
#843=EDGE_CURVE('',#1021,#1020,#57,.T.);
#844=EDGE_CURVE('',#1022,#999,#58,.T.);
#845=EDGE_CURVE('',#1022,#1023,#59,.T.);
#846=EDGE_CURVE('',#1023,#1000,#60,.T.);
#847=EDGE_CURVE('',#1024,#1025,#61,.T.);
#848=EDGE_CURVE('',#1024,#1015,#62,.T.);
#849=EDGE_CURVE('',#1025,#1017,#63,.T.);
#850=EDGE_CURVE('',#1004,#1026,#64,.T.);
#851=EDGE_CURVE('',#1027,#1026,#65,.T.);
#852=EDGE_CURVE('',#1027,#1006,#66,.T.);
#853=EDGE_CURVE('',#1010,#1028,#67,.T.);
#854=EDGE_CURVE('',#1028,#1029,#68,.T.);
#855=EDGE_CURVE('',#1012,#1029,#69,.T.);
#856=EDGE_CURVE('',#1024,#1028,#70,.T.);
#857=EDGE_CURVE('',#1025,#1029,#71,.T.);
#858=EDGE_CURVE('',#1009,#1030,#72,.T.);
#859=EDGE_CURVE('',#1008,#1031,#73,.T.);
#860=EDGE_CURVE('',#1031,#1030,#74,.T.);
#861=EDGE_CURVE('',#1032,#1033,#75,.T.);
#862=EDGE_CURVE('',#1032,#1016,#76,.T.);
#863=EDGE_CURVE('',#1020,#1014,#77,.T.);
#864=EDGE_CURVE('',#1021,#1034,#78,.T.);
#865=EDGE_CURVE('',#1034,#1035,#79,.T.);
#866=EDGE_CURVE('',#1033,#1035,#80,.T.);
#867=EDGE_CURVE('',#1023,#1026,#81,.T.);
#868=EDGE_CURVE('',#1034,#1030,#82,.T.);
#869=EDGE_CURVE('',#1013,#1036,#83,.T.);
#870=EDGE_CURVE('',#1037,#1036,#84,.T.);
#871=EDGE_CURVE('',#1027,#1037,#85,.T.);
#872=EDGE_CURVE('',#1022,#1011,#86,.T.);
#873=EDGE_CURVE('',#1031,#1035,#87,.T.);
#874=EDGE_CURVE('',#1032,#1036,#88,.T.);
#875=EDGE_CURVE('',#1033,#1037,#89,.T.);
#876=EDGE_CURVE('',#1038,#1038,#1110,.F.);
#877=EDGE_CURVE('',#1039,#1039,#1111,.F.);
#878=EDGE_CURVE('',#990,#984,#1112,.T.);
#879=EDGE_CURVE('',#1040,#1040,#1113,.F.);
#880=EDGE_CURVE('',#994,#1041,#90,.T.);
#881=EDGE_CURVE('',#1042,#1041,#91,.T.);
#882=EDGE_CURVE('',#995,#1042,#92,.T.);
#883=EDGE_CURVE('',#1043,#1044,#93,.T.);
#884=EDGE_CURVE('',#1044,#1045,#94,.T.);
#885=EDGE_CURVE('',#1046,#1045,#95,.T.);
#886=EDGE_CURVE('',#1046,#1047,#96,.T.);
#887=EDGE_CURVE('',#1047,#1048,#97,.T.);
#888=EDGE_CURVE('',#1043,#1048,#98,.T.);
#889=EDGE_CURVE('',#1044,#1049,#99,.F.);
#890=EDGE_CURVE('',#1043,#1049,#100,.T.);
#891=EDGE_CURVE('',#1050,#1051,#101,.T.);
#892=EDGE_CURVE('',#1050,#1052,#102,.T.);
#893=EDGE_CURVE('',#1051,#1052,#103,.T.);
#894=EDGE_CURVE('',#1053,#1054,#104,.T.);
#895=EDGE_CURVE('',#1053,#1055,#105,.T.);
#896=EDGE_CURVE('',#1056,#1055,#106,.T.);
#897=EDGE_CURVE('',#1057,#1056,#107,.T.);
#898=EDGE_CURVE('',#1057,#1054,#108,.T.);
#899=EDGE_CURVE('',#1058,#1052,#109,.T.);
#900=EDGE_CURVE('',#1058,#1059,#110,.T.);
#901=EDGE_CURVE('',#1059,#1060,#111,.T.);
#902=EDGE_CURVE('',#1061,#1060,#112,.F.);
#903=EDGE_CURVE('',#1061,#1041,#113,.T.);
#904=EDGE_CURVE('',#1051,#1041,#114,.T.);
#905=EDGE_CURVE('',#1062,#1063,#115,.T.);
#906=EDGE_CURVE('',#1064,#1063,#116,.T.);
#907=EDGE_CURVE('',#1064,#1065,#117,.T.);
#908=EDGE_CURVE('',#1062,#1065,#118,.T.);
#909=EDGE_CURVE('',#1066,#1067,#119,.T.);
#910=EDGE_CURVE('',#1067,#1068,#120,.T.);
#911=EDGE_CURVE('',#1066,#1068,#121,.T.);
#912=EDGE_CURVE('',#1056,#1067,#122,.T.);
#913=EDGE_CURVE('',#1056,#1043,#123,.T.);
#914=EDGE_CURVE('',#1043,#1068,#124,.T.);
#915=EDGE_CURVE('',#1069,#1070,#125,.T.);
#916=EDGE_CURVE('',#1069,#1071,#126,.T.);
#917=EDGE_CURVE('',#1070,#1071,#127,.T.);
#918=EDGE_CURVE('',#1047,#1070,#128,.T.);
#919=EDGE_CURVE('',#1048,#1071,#129,.T.);
#920=EDGE_CURVE('',#1068,#1071,#130,.T.);
#921=EDGE_CURVE('',#1055,#1072,#131,.F.);
#922=EDGE_CURVE('',#1072,#1056,#132,.T.);
#923=EDGE_CURVE('',#1073,#1057,#133,.T.);
#924=EDGE_CURVE('',#1073,#1074,#134,.T.);
#925=EDGE_CURVE('',#1057,#1074,#135,.T.);
#926=EDGE_CURVE('',#1067,#1073,#136,.T.);
#927=EDGE_CURVE('',#1075,#1072,#137,.T.);
#928=EDGE_CURVE('',#1075,#1076,#138,.T.);
#929=EDGE_CURVE('',#1049,#1076,#139,.T.);
#930=EDGE_CURVE('',#1042,#1061,#140,.T.);
#931=EDGE_CURVE('',#1050,#1077,#141,.T.);
#932=EDGE_CURVE('',#1051,#1047,#142,.T.);
#933=EDGE_CURVE('',#1077,#1046,#143,.T.);
#934=EDGE_CURVE('',#1069,#1066,#144,.T.);
#935=EDGE_CURVE('',#1064,#1066,#145,.T.);
#936=EDGE_CURVE('',#1073,#1064,#146,.T.);
#937=EDGE_CURVE('',#1078,#992,#147,.T.);
#938=EDGE_CURVE('',#1054,#1078,#148,.T.);
#939=EDGE_CURVE('',#1074,#993,#149,.T.);
#940=EDGE_CURVE('',#1070,#1079,#150,.T.);
#941=EDGE_CURVE('',#1079,#1051,#151,.T.);
#942=EDGE_CURVE('',#1065,#1069,#152,.T.);
#943=EDGE_CURVE('',#1074,#1063,#153,.T.);
#944=EDGE_CURVE('',#1062,#1041,#154,.T.);
#945=EDGE_CURVE('',#1065,#1079,#155,.T.);
#946=EDGE_CURVE('',#1041,#1079,#156,.T.);
#947=EDGE_CURVE('',#1080,#1081,#157,.T.);
#948=EDGE_CURVE('',#1080,#1082,#158,.T.);
#949=EDGE_CURVE('',#1083,#1082,#159,.T.);
#950=EDGE_CURVE('',#1083,#1081,#160,.T.);
#951=EDGE_CURVE('',#1084,#1085,#161,.T.);
#952=EDGE_CURVE('',#1084,#1086,#162,.T.);
#953=EDGE_CURVE('',#1087,#1086,#163,.T.);
#954=EDGE_CURVE('',#1087,#1085,#164,.T.);
#955=EDGE_CURVE('',#1075,#1087,#165,.T.);
#956=EDGE_CURVE('',#1076,#1086,#166,.T.);
#957=EDGE_CURVE('',#1088,#1089,#167,.T.);
#958=EDGE_CURVE('',#1089,#1090,#168,.T.);
#959=EDGE_CURVE('',#1090,#1091,#169,.T.);
#960=EDGE_CURVE('',#1088,#1091,#170,.T.);
#961=EDGE_CURVE('',#1077,#1090,#171,.T.);
#962=EDGE_CURVE('',#1045,#1091,#172,.T.);
#963=EDGE_CURVE('',#1086,#1091,#173,.T.);
#964=EDGE_CURVE('',#1080,#1060,#174,.T.);
#965=EDGE_CURVE('',#1059,#1092,#175,.T.);
#966=EDGE_CURVE('',#1092,#1093,#176,.T.);
#967=EDGE_CURVE('',#1094,#1093,#177,.T.);
#968=EDGE_CURVE('',#1082,#1094,#178,.T.);
#969=EDGE_CURVE('',#1095,#1053,#179,.T.);
#970=EDGE_CURVE('',#1096,#1078,#180,.T.);
#971=EDGE_CURVE('',#1095,#1096,#181,.T.);
#972=EDGE_CURVE('',#1085,#1097,#182,.T.);
#973=EDGE_CURVE('',#1095,#1097,#183,.T.);
#974=EDGE_CURVE('',#1098,#1099,#184,.T.);
#975=EDGE_CURVE('',#1088,#1098,#185,.T.);
#976=EDGE_CURVE('',#1084,#1099,#186,.T.);
#977=EDGE_CURVE('',#1100,#1099,#187,.T.);
#978=EDGE_CURVE('',#1097,#1100,#188,.T.);
#979=EDGE_CURVE('',#1089,#1093,#189,.T.);
#980=EDGE_CURVE('',#1092,#1058,#190,.T.);
#981=EDGE_CURVE('',#1096,#1081,#191,.T.);
#982=EDGE_CURVE('',#1083,#1100,#192,.T.);
#983=EDGE_CURVE('',#1094,#1098,#193,.T.);
#984=VERTEX_POINT('',#1916);
#985=VERTEX_POINT('',#1917);
#986=VERTEX_POINT('',#1919);
#987=VERTEX_POINT('',#1921);
#988=VERTEX_POINT('',#1924);
#989=VERTEX_POINT('',#1927);
#990=VERTEX_POINT('',#1929);
#991=VERTEX_POINT('',#1932);
#992=VERTEX_POINT('',#1935);
#993=VERTEX_POINT('',#1936);
#994=VERTEX_POINT('',#1938);
#995=VERTEX_POINT('',#1940);
#996=VERTEX_POINT('',#1943);
#997=VERTEX_POINT('',#1947);
#998=VERTEX_POINT('',#1948);
#999=VERTEX_POINT('',#1950);
#1000=VERTEX_POINT('',#1952);
#1001=VERTEX_POINT('',#1956);
#1002=VERTEX_POINT('',#1958);
#1003=VERTEX_POINT('',#1959);
#1004=VERTEX_POINT('',#1964);
#1005=VERTEX_POINT('',#1965);
#1006=VERTEX_POINT('',#1967);
#1007=VERTEX_POINT('',#1969);
#1008=VERTEX_POINT('',#1973);
#1009=VERTEX_POINT('',#1974);
#1010=VERTEX_POINT('',#1979);
#1011=VERTEX_POINT('',#1980);
#1012=VERTEX_POINT('',#1982);
#1013=VERTEX_POINT('',#1984);
#1014=VERTEX_POINT('',#1988);
#1015=VERTEX_POINT('',#1989);
#1016=VERTEX_POINT('',#1991);
#1017=VERTEX_POINT('',#1993);
#1018=VERTEX_POINT('',#1997);
#1019=VERTEX_POINT('',#1998);
#1020=VERTEX_POINT('',#2003);
#1021=VERTEX_POINT('',#2005);
#1022=VERTEX_POINT('',#2009);
#1023=VERTEX_POINT('',#2011);
#1024=VERTEX_POINT('',#2015);
#1025=VERTEX_POINT('',#2016);
#1026=VERTEX_POINT('',#2021);
#1027=VERTEX_POINT('',#2023);
#1028=VERTEX_POINT('',#2027);
#1029=VERTEX_POINT('',#2029);
#1030=VERTEX_POINT('',#2036);
#1031=VERTEX_POINT('',#2038);
#1032=VERTEX_POINT('',#2042);
#1033=VERTEX_POINT('',#2043);
#1034=VERTEX_POINT('',#2047);
#1035=VERTEX_POINT('',#2049);
#1036=VERTEX_POINT('',#2056);
#1037=VERTEX_POINT('',#2058);
#1038=VERTEX_POINT('',#2070);
#1039=VERTEX_POINT('',#2073);
#1040=VERTEX_POINT('',#2078);
#1041=VERTEX_POINT('',#2082);
#1042=VERTEX_POINT('',#2084);
#1043=VERTEX_POINT('',#2088);
#1044=VERTEX_POINT('',#2089);
#1045=VERTEX_POINT('',#2091);
#1046=VERTEX_POINT('',#2093);
#1047=VERTEX_POINT('',#2095);
#1048=VERTEX_POINT('',#2097);
#1049=VERTEX_POINT('',#2101);
#1050=VERTEX_POINT('',#2105);
#1051=VERTEX_POINT('',#2106);
#1052=VERTEX_POINT('',#2108);
#1053=VERTEX_POINT('',#2112);
#1054=VERTEX_POINT('',#2113);
#1055=VERTEX_POINT('',#2115);
#1056=VERTEX_POINT('',#2117);
#1057=VERTEX_POINT('',#2119);
#1058=VERTEX_POINT('',#2123);
#1059=VERTEX_POINT('',#2125);
#1060=VERTEX_POINT('',#2127);
#1061=VERTEX_POINT('',#2129);
#1062=VERTEX_POINT('',#2134);
#1063=VERTEX_POINT('',#2135);
#1064=VERTEX_POINT('',#2137);
#1065=VERTEX_POINT('',#2139);
#1066=VERTEX_POINT('',#2143);
#1067=VERTEX_POINT('',#2144);
#1068=VERTEX_POINT('',#2146);
#1069=VERTEX_POINT('',#2154);
#1070=VERTEX_POINT('',#2155);
#1071=VERTEX_POINT('',#2157);
#1072=VERTEX_POINT('',#2166);
#1073=VERTEX_POINT('',#2170);
#1074=VERTEX_POINT('',#2172);
#1075=VERTEX_POINT('',#2178);
#1076=VERTEX_POINT('',#2180);
#1077=VERTEX_POINT('',#2186);
#1078=VERTEX_POINT('',#2196);
#1079=VERTEX_POINT('',#2201);
#1080=VERTEX_POINT('',#2214);
#1081=VERTEX_POINT('',#2215);
#1082=VERTEX_POINT('',#2217);
#1083=VERTEX_POINT('',#2219);
#1084=VERTEX_POINT('',#2223);
#1085=VERTEX_POINT('',#2224);
#1086=VERTEX_POINT('',#2226);
#1087=VERTEX_POINT('',#2228);
#1088=VERTEX_POINT('',#2235);
#1089=VERTEX_POINT('',#2236);
#1090=VERTEX_POINT('',#2238);
#1091=VERTEX_POINT('',#2240);
#1092=VERTEX_POINT('',#2250);
#1093=VERTEX_POINT('',#2252);
#1094=VERTEX_POINT('',#2254);
#1095=VERTEX_POINT('',#2258);
#1096=VERTEX_POINT('',#2260);
#1097=VERTEX_POINT('',#2264);
#1098=VERTEX_POINT('',#2268);
#1099=VERTEX_POINT('',#2269);
#1100=VERTEX_POINT('',#2274);
#1101=CIRCLE('',#1466,7.5);
#1102=CIRCLE('',#1470,7.5);
#1103=CIRCLE('',#1473,7.5);
#1104=CIRCLE('',#1475,7.5);
#1105=CIRCLE('',#1478,7.5);
#1106=CIRCLE('',#1480,7.5);
#1107=CIRCLE('',#1481,7.5);
#1108=CIRCLE('',#1482,7.5);
#1109=CIRCLE('',#1485,2.5);
#1110=CIRCLE('',#1506,12.68);
#1111=CIRCLE('',#1508,2.5);
#1112=CIRCLE('',#1511,7.5);
#1113=CIRCLE('',#1512,7.5);
#1114=EDGE_LOOP('',(#432,#433,#434,#435));
#1115=EDGE_LOOP('',(#436));
#1116=EDGE_LOOP('',(#437,#438,#439,#440));
#1117=EDGE_LOOP('',(#441));
#1118=EDGE_LOOP('',(#442,#443,#444,#445));
#1119=EDGE_LOOP('',(#446));
#1120=EDGE_LOOP('',(#447,#448,#449));
#1121=EDGE_LOOP('',(#450,#451,#452,#453));
#1122=EDGE_LOOP('',(#454));
#1123=EDGE_LOOP('',(#455,#456,#457,#458));
#1124=EDGE_LOOP('',(#459,#460,#461,#462));
#1125=EDGE_LOOP('',(#463,#464,#465,#466));
#1126=EDGE_LOOP('',(#467,#468,#469,#470));
#1127=EDGE_LOOP('',(#471,#472,#473,#474));
#1128=EDGE_LOOP('',(#475,#476,#477,#478));
#1129=EDGE_LOOP('',(#479,#480,#481,#482));
#1130=EDGE_LOOP('',(#483,#484,#485,#486));
#1131=EDGE_LOOP('',(#487,#488,#489,#490));
#1132=EDGE_LOOP('',(#491,#492,#493,#494));
#1133=EDGE_LOOP('',(#495,#496,#497,#498));
#1134=EDGE_LOOP('',(#499,#500,#501,#502));
#1135=EDGE_LOOP('',(#503,#504,#505,#506));
#1136=EDGE_LOOP('',(#507,#508,#509,#510,#511,#512,#513,#514));
#1137=EDGE_LOOP('',(#515));
#1138=EDGE_LOOP('',(#516,#517,#518,#519,#520,#521,#522,#523,#524,#525,#526,
#527));
#1139=EDGE_LOOP('',(#528,#529,#530,#531,#532,#533,#534,#535));
#1140=EDGE_LOOP('',(#536,#537,#538,#539,#540,#541,#542,#543,#544,#545,#546,
#547));
#1141=EDGE_LOOP('',(#548,#549,#550,#551));
#1142=EDGE_LOOP('',(#552,#553,#554,#555,#556,#557,#558,#559));
#1143=EDGE_LOOP('',(#560,#561,#562,#563,#564,#565,#566,#567));
#1144=EDGE_LOOP('',(#568));
#1145=EDGE_LOOP('',(#569,#570,#571,#572));
#1146=EDGE_LOOP('',(#573));
#1147=EDGE_LOOP('',(#574));
#1148=EDGE_LOOP('',(#575));
#1149=EDGE_LOOP('',(#576));
#1150=EDGE_LOOP('',(#577,#578,#579));
#1151=EDGE_LOOP('',(#580));
#1152=EDGE_LOOP('',(#581,#582,#583,#584));
#1153=EDGE_LOOP('',(#585,#586,#587,#588));
#1154=EDGE_LOOP('',(#589,#590,#591,#592,#593,#594));
#1155=EDGE_LOOP('',(#595,#596,#597));
#1156=EDGE_LOOP('',(#598,#599,#600));
#1157=EDGE_LOOP('',(#601,#602,#603,#604,#605));
#1158=EDGE_LOOP('',(#606,#607,#608,#609,#610,#611,#612));
#1159=EDGE_LOOP('',(#613,#614,#615,#616));
#1160=EDGE_LOOP('',(#617,#618,#619));
#1161=EDGE_LOOP('',(#620,#621,#622,#623));
#1162=EDGE_LOOP('',(#624,#625,#626));
#1163=EDGE_LOOP('',(#627,#628,#629,#630));
#1164=EDGE_LOOP('',(#631,#632,#633,#634));
#1165=EDGE_LOOP('',(#635,#636,#637));
#1166=EDGE_LOOP('',(#638,#639,#640));
#1167=EDGE_LOOP('',(#641,#642,#643,#644));
#1168=EDGE_LOOP('',(#645,#646,#647,#648,#649,#650));
#1169=EDGE_LOOP('',(#651,#652,#653));
#1170=EDGE_LOOP('',(#654,#655,#656,#657,#658));
#1171=EDGE_LOOP('',(#659,#660,#661,#662));
#1172=EDGE_LOOP('',(#663,#664,#665,#666));
#1173=EDGE_LOOP('',(#667,#668,#669,#670,#671,#672));
#1174=EDGE_LOOP('',(#673,#674,#675,#676));
#1175=EDGE_LOOP('',(#677,#678,#679,#680));
#1176=EDGE_LOOP('',(#681,#682,#683,#684,#685,#686));
#1177=EDGE_LOOP('',(#687,#688,#689,#690));
#1178=EDGE_LOOP('',(#691,#692,#693));
#1179=EDGE_LOOP('',(#694,#695,#696,#697));
#1180=EDGE_LOOP('',(#698,#699,#700,#701));
#1181=EDGE_LOOP('',(#702,#703,#704,#705));
#1182=EDGE_LOOP('',(#706,#707,#708,#709));
#1183=EDGE_LOOP('',(#710,#711,#712,#713,#714));
#1184=EDGE_LOOP('',(#715,#716,#717,#718,#719,#720));
#1185=EDGE_LOOP('',(#721,#722,#723,#724,#725,#726,#727));
#1186=EDGE_LOOP('',(#728));
#1187=EDGE_LOOP('',(#729,#730,#731,#732,#733));
#1188=EDGE_LOOP('',(#734,#735,#736,#737,#738,#739,#740,#741));
#1189=EDGE_LOOP('',(#742,#743,#744,#745,#746,#747));
#1190=EDGE_LOOP('',(#748,#749,#750,#751,#752));
#1191=EDGE_LOOP('',(#753,#754,#755,#756,#757,#758,#759,#760));
#1192=EDGE_LOOP('',(#761));
#1193=EDGE_LOOP('',(#762,#763,#764,#765,#766,#767));
#1194=EDGE_LOOP('',(#768));
#1195=EDGE_LOOP('',(#769,#770,#771,#772,#773,#774));
#1196=EDGE_LOOP('',(#775,#776,#777,#778,#779,#780,#781,#782,#783));
#1197=EDGE_LOOP('',(#784,#785,#786,#787,#788));
#1198=EDGE_LOOP('',(#789,#790,#791));
#1199=EDGE_LOOP('',(#792,#793,#794,#795));
#1200=EDGE_LOOP('',(#796,#797,#798,#799));
#1201=FACE_BOUND('',#1114,.T.);
#1202=FACE_BOUND('',#1115,.T.);
#1203=FACE_BOUND('',#1116,.T.);
#1204=FACE_BOUND('',#1117,.T.);
#1205=FACE_BOUND('',#1118,.T.);
#1206=FACE_BOUND('',#1119,.T.);
#1207=FACE_BOUND('',#1120,.T.);
#1208=FACE_BOUND('',#1121,.T.);
#1209=FACE_BOUND('',#1122,.T.);
#1210=FACE_BOUND('',#1123,.T.);
#1211=FACE_BOUND('',#1124,.T.);
#1212=FACE_BOUND('',#1125,.T.);
#1213=FACE_BOUND('',#1126,.T.);
#1214=FACE_BOUND('',#1127,.T.);
#1215=FACE_BOUND('',#1128,.T.);
#1216=FACE_BOUND('',#1129,.T.);
#1217=FACE_BOUND('',#1130,.T.);
#1218=FACE_BOUND('',#1131,.T.);
#1219=FACE_BOUND('',#1132,.T.);
#1220=FACE_BOUND('',#1133,.T.);
#1221=FACE_BOUND('',#1134,.T.);
#1222=FACE_BOUND('',#1135,.T.);
#1223=FACE_BOUND('',#1136,.T.);
#1224=FACE_BOUND('',#1137,.T.);
#1225=FACE_BOUND('',#1138,.T.);
#1226=FACE_BOUND('',#1139,.T.);
#1227=FACE_BOUND('',#1140,.T.);
#1228=FACE_BOUND('',#1141,.T.);
#1229=FACE_BOUND('',#1142,.T.);
#1230=FACE_BOUND('',#1143,.T.);
#1231=FACE_BOUND('',#1144,.T.);
#1232=FACE_BOUND('',#1145,.T.);
#1233=FACE_BOUND('',#1146,.T.);
#1234=FACE_BOUND('',#1147,.T.);
#1235=FACE_BOUND('',#1148,.T.);
#1236=FACE_BOUND('',#1149,.T.);
#1237=FACE_BOUND('',#1150,.T.);
#1238=FACE_BOUND('',#1151,.T.);
#1239=FACE_BOUND('',#1152,.T.);
#1240=FACE_BOUND('',#1153,.T.);
#1241=FACE_BOUND('',#1154,.T.);
#1242=FACE_BOUND('',#1155,.T.);
#1243=FACE_BOUND('',#1156,.T.);
#1244=FACE_BOUND('',#1157,.T.);
#1245=FACE_BOUND('',#1158,.T.);
#1246=FACE_BOUND('',#1159,.T.);
#1247=FACE_BOUND('',#1160,.T.);
#1248=FACE_BOUND('',#1161,.T.);
#1249=FACE_BOUND('',#1162,.T.);
#1250=FACE_BOUND('',#1163,.T.);
#1251=FACE_BOUND('',#1164,.T.);
#1252=FACE_BOUND('',#1165,.T.);
#1253=FACE_BOUND('',#1166,.T.);
#1254=FACE_BOUND('',#1167,.T.);
#1255=FACE_BOUND('',#1168,.T.);
#1256=FACE_BOUND('',#1169,.T.);
#1257=FACE_BOUND('',#1170,.T.);
#1258=FACE_BOUND('',#1171,.T.);
#1259=FACE_BOUND('',#1172,.T.);
#1260=FACE_BOUND('',#1173,.T.);
#1261=FACE_BOUND('',#1174,.T.);
#1262=FACE_BOUND('',#1175,.T.);
#1263=FACE_BOUND('',#1176,.T.);
#1264=FACE_BOUND('',#1177,.T.);
#1265=FACE_BOUND('',#1178,.T.);
#1266=FACE_BOUND('',#1179,.T.);
#1267=FACE_BOUND('',#1180,.T.);
#1268=FACE_BOUND('',#1181,.T.);
#1269=FACE_BOUND('',#1182,.T.);
#1270=FACE_BOUND('',#1183,.T.);
#1271=FACE_BOUND('',#1184,.T.);
#1272=FACE_BOUND('',#1185,.T.);
#1273=FACE_BOUND('',#1186,.T.);
#1274=FACE_BOUND('',#1187,.T.);
#1275=FACE_BOUND('',#1188,.T.);
#1276=FACE_BOUND('',#1189,.T.);
#1277=FACE_BOUND('',#1190,.T.);
#1278=FACE_BOUND('',#1191,.T.);
#1279=FACE_BOUND('',#1192,.T.);
#1280=FACE_BOUND('',#1193,.T.);
#1281=FACE_BOUND('',#1194,.T.);
#1282=FACE_BOUND('',#1195,.T.);
#1283=FACE_BOUND('',#1196,.T.);
#1284=FACE_BOUND('',#1197,.T.);
#1285=FACE_BOUND('',#1198,.T.);
#1286=FACE_BOUND('',#1199,.T.);
#1287=FACE_BOUND('',#1200,.T.);
#1288=CYLINDRICAL_SURFACE('',#1465,7.5);
#1289=CYLINDRICAL_SURFACE('',#1471,7.5);
#1290=CYLINDRICAL_SURFACE('',#1476,7.5);
#1291=CYLINDRICAL_SURFACE('',#1509,2.5);
#1292=CYLINDRICAL_SURFACE('',#1510,7.5);
#1293=ADVANCED_FACE('',(#1201,#1202),#1288,.T.);
#1294=ADVANCED_FACE('',(#1203,#1204),#1289,.T.);
#1295=ADVANCED_FACE('',(#1205,#1206,#1207),#1290,.T.);
#1296=ADVANCED_FACE('',(#1208),#358,.F.);
#1297=ADVANCED_FACE('',(#1209,#1210),#359,.T.);
#1298=ADVANCED_FACE('',(#1211),#360,.F.);
#1299=ADVANCED_FACE('',(#1212),#361,.T.);
#1300=ADVANCED_FACE('',(#1213),#362,.F.);
#1301=ADVANCED_FACE('',(#1214),#363,.F.);
#1302=ADVANCED_FACE('',(#1215),#364,.T.);
#1303=ADVANCED_FACE('',(#1216),#365,.F.);
#1304=ADVANCED_FACE('',(#1217),#366,.F.);
#1305=ADVANCED_FACE('',(#1218),#367,.T.);
#1306=ADVANCED_FACE('',(#1219),#368,.F.);
#1307=ADVANCED_FACE('',(#1220),#369,.F.);
#1308=ADVANCED_FACE('',(#1221),#370,.T.);
#1309=ADVANCED_FACE('',(#1222),#371,.T.);
#1310=ADVANCED_FACE('',(#1223),#372,.F.);
#1311=ADVANCED_FACE('',(#1224,#1225),#373,.T.);
#1312=ADVANCED_FACE('',(#1226),#374,.F.);
#1313=ADVANCED_FACE('',(#1227),#375,.F.);
#1314=ADVANCED_FACE('',(#1228),#376,.F.);
#1315=ADVANCED_FACE('',(#1229),#377,.F.);
#1316=ADVANCED_FACE('',(#1230),#378,.T.);
#1317=ADVANCED_FACE('',(#1231,#1232),#379,.T.);
#1318=ADVANCED_FACE('',(#1233,#1234),#28,.F.);
#1319=ADVANCED_FACE('',(#1235,#1236),#1291,.F.);
#1320=ADVANCED_FACE('',(#1237,#1238),#1292,.T.);
#1321=ADVANCED_FACE('',(#1239),#29,.T.);
#1322=ADVANCED_FACE('',(#1240),#380,.T.);
#1323=ADVANCED_FACE('',(#1241),#381,.T.);
#1324=ADVANCED_FACE('',(#1242),#382,.T.);
#1325=ADVANCED_FACE('',(#1243),#383,.T.);
#1326=ADVANCED_FACE('',(#1244),#384,.T.);
#1327=ADVANCED_FACE('',(#1245),#385,.F.);
#1328=ADVANCED_FACE('Face appearance 7',(#1246),#386,.F.);
#1329=ADVANCED_FACE('Face appearance 8',(#1247),#387,.F.);
#1330=ADVANCED_FACE('Face appearance 7',(#1248),#388,.F.);
#1331=ADVANCED_FACE('Face appearance 8',(#1249),#389,.F.);
#1332=ADVANCED_FACE('Face appearance 7',(#1250),#390,.F.);
#1333=ADVANCED_FACE('Face appearance 6',(#1251),#391,.F.);
#1334=ADVANCED_FACE('',(#1252),#392,.F.);
#1335=ADVANCED_FACE('Face appearance 6',(#1253),#393,.T.);
#1336=ADVANCED_FACE('Face appearance 8',(#1254),#394,.T.);
#1337=ADVANCED_FACE('',(#1255),#395,.T.);
#1338=ADVANCED_FACE('',(#1256),#396,.T.);
#1339=ADVANCED_FACE('',(#1257),#397,.T.);
#1340=ADVANCED_FACE('',(#1258),#398,.T.);
#1341=ADVANCED_FACE('Face appearance 7',(#1259),#399,.T.);
#1342=ADVANCED_FACE('',(#1260),#400,.T.);
#1343=ADVANCED_FACE('Face appearance 6',(#1261),#401,.T.);
#1344=ADVANCED_FACE('Face appearance 6',(#1262),#402,.T.);
#1345=ADVANCED_FACE('Face appearance 6',(#1263),#403,.T.);
#1346=ADVANCED_FACE('Face appearance 7',(#1264),#404,.T.);
#1347=ADVANCED_FACE('Face appearance 7',(#1265),#405,.T.);
#1348=ADVANCED_FACE('',(#1266),#406,.T.);
#1349=ADVANCED_FACE('',(#1267),#407,.T.);
#1350=ADVANCED_FACE('',(#1268),#408,.T.);
#1351=ADVANCED_FACE('',(#1269),#409,.T.);
#1352=ADVANCED_FACE('',(#1270),#410,.T.);
#1353=ADVANCED_FACE('',(#1271),#411,.T.);
#1354=ADVANCED_FACE('',(#1272,#1273),#412,.F.);
#1355=ADVANCED_FACE('',(#1274),#413,.F.);
#1356=ADVANCED_FACE('',(#1275),#414,.F.);
#1357=ADVANCED_FACE('',(#1276),#415,.F.);
#1358=ADVANCED_FACE('',(#1277),#416,.F.);
#1359=ADVANCED_FACE('',(#1278),#417,.F.);
#1360=ADVANCED_FACE('',(#1279,#1280),#418,.F.);
#1361=ADVANCED_FACE('',(#1281,#1282),#419,.F.);
#1362=ADVANCED_FACE('',(#1283),#420,.F.);
#1363=ADVANCED_FACE('',(#1284),#421,.F.);
#1364=ADVANCED_FACE('',(#1285),#422,.F.);
#1365=ADVANCED_FACE('',(#1286),#423,.T.);
#1366=ADVANCED_FACE('',(#1287),#424,.T.);
#1367=CLOSED_SHELL('',(#1293,#1294,#1295,#1296,#1297,#1298,#1299,#1300,
#1301,#1302,#1303,#1304,#1305,#1306,#1307,#1308,#1309,#1310,#1311,#1312,
#1313,#1314,#1315,#1316,#1317,#1318,#1319,#1320,#1321,#1322,#1323,#1324,
#1325,#1326,#1327,#1328,#1329,#1330,#1331,#1332,#1333,#1334,#1335,#1336,
#1337,#1338,#1339,#1340,#1341,#1342,#1343,#1344,#1345,#1346,#1347,#1348,
#1349,#1350,#1351,#1352,#1353,#1354,#1355,#1356,#1357,#1358,#1359,#1360,
#1361,#1362,#1363,#1364,#1365,#1366));
#1368=STYLED_ITEM('',(#1369),#1461);
#1369=PRESENTATION_STYLE_ASSIGNMENT((#1384));
#1370=PRESENTATION_STYLE_ASSIGNMENT((#1385));
#1371=PRESENTATION_STYLE_ASSIGNMENT((#1386));
#1372=PRESENTATION_STYLE_ASSIGNMENT((#1387));
#1373=PRESENTATION_STYLE_ASSIGNMENT((#1388));
#1374=PRESENTATION_STYLE_ASSIGNMENT((#1389));
#1375=PRESENTATION_STYLE_ASSIGNMENT((#1390));
#1376=PRESENTATION_STYLE_ASSIGNMENT((#1391));
#1377=PRESENTATION_STYLE_ASSIGNMENT((#1392));
#1378=PRESENTATION_STYLE_ASSIGNMENT((#1393));
#1379=PRESENTATION_STYLE_ASSIGNMENT((#1394));
#1380=PRESENTATION_STYLE_ASSIGNMENT((#1395));
#1381=PRESENTATION_STYLE_ASSIGNMENT((#1396));
#1382=PRESENTATION_STYLE_ASSIGNMENT((#1397));
#1383=PRESENTATION_STYLE_ASSIGNMENT((#1398));
#1384=SURFACE_STYLE_USAGE(.BOTH.,#1399);
#1385=SURFACE_STYLE_USAGE(.BOTH.,#1400);
#1386=SURFACE_STYLE_USAGE(.BOTH.,#1401);
#1387=SURFACE_STYLE_USAGE(.BOTH.,#1402);
#1388=SURFACE_STYLE_USAGE(.BOTH.,#1403);
#1389=SURFACE_STYLE_USAGE(.BOTH.,#1404);
#1390=SURFACE_STYLE_USAGE(.BOTH.,#1405);
#1391=SURFACE_STYLE_USAGE(.BOTH.,#1406);
#1392=SURFACE_STYLE_USAGE(.BOTH.,#1407);
#1393=SURFACE_STYLE_USAGE(.BOTH.,#1408);
#1394=SURFACE_STYLE_USAGE(.BOTH.,#1409);
#1395=SURFACE_STYLE_USAGE(.BOTH.,#1410);
#1396=SURFACE_STYLE_USAGE(.BOTH.,#1411);
#1397=SURFACE_STYLE_USAGE(.BOTH.,#1412);
#1398=SURFACE_STYLE_USAGE(.BOTH.,#1413);
#1399=SURFACE_SIDE_STYLE('',(#1414));
#1400=SURFACE_SIDE_STYLE('',(#1415));
#1401=SURFACE_SIDE_STYLE('',(#1416));
#1402=SURFACE_SIDE_STYLE('',(#1417));
#1403=SURFACE_SIDE_STYLE('',(#1418));
#1404=SURFACE_SIDE_STYLE('',(#1419));
#1405=SURFACE_SIDE_STYLE('',(#1420));
#1406=SURFACE_SIDE_STYLE('',(#1421));
#1407=SURFACE_SIDE_STYLE('',(#1422));
#1408=SURFACE_SIDE_STYLE('',(#1423));
#1409=SURFACE_SIDE_STYLE('',(#1424));
#1410=SURFACE_SIDE_STYLE('',(#1425));
#1411=SURFACE_SIDE_STYLE('',(#1426));
#1412=SURFACE_SIDE_STYLE('',(#1427));
#1413=SURFACE_SIDE_STYLE('',(#1428));
#1414=SURFACE_STYLE_FILL_AREA(#1429);
#1415=SURFACE_STYLE_FILL_AREA(#1430);
#1416=SURFACE_STYLE_FILL_AREA(#1431);
#1417=SURFACE_STYLE_FILL_AREA(#1432);
#1418=SURFACE_STYLE_FILL_AREA(#1433);
#1419=SURFACE_STYLE_FILL_AREA(#1434);
#1420=SURFACE_STYLE_FILL_AREA(#1435);
#1421=SURFACE_STYLE_FILL_AREA(#1436);
#1422=SURFACE_STYLE_FILL_AREA(#1437);
#1423=SURFACE_STYLE_FILL_AREA(#1438);
#1424=SURFACE_STYLE_FILL_AREA(#1439);
#1425=SURFACE_STYLE_FILL_AREA(#1440);
#1426=SURFACE_STYLE_FILL_AREA(#1441);
#1427=SURFACE_STYLE_FILL_AREA(#1442);
#1428=SURFACE_STYLE_FILL_AREA(#1443);
#1429=FILL_AREA_STYLE('',(#1444));
#1430=FILL_AREA_STYLE('',(#1445));
#1431=FILL_AREA_STYLE('',(#1446));
#1432=FILL_AREA_STYLE('',(#1447));
#1433=FILL_AREA_STYLE('',(#1448));
#1434=FILL_AREA_STYLE('',(#1449));
#1435=FILL_AREA_STYLE('',(#1450));
#1436=FILL_AREA_STYLE('',(#1451));
#1437=FILL_AREA_STYLE('',(#1452));
#1438=FILL_AREA_STYLE('',(#1453));
#1439=FILL_AREA_STYLE('',(#1454));
#1440=FILL_AREA_STYLE('',(#1455));
#1441=FILL_AREA_STYLE('',(#1456));
#1442=FILL_AREA_STYLE('',(#1457));
#1443=FILL_AREA_STYLE('',(#1458));
#1444=FILL_AREA_STYLE_COLOUR('',#1459);
#1445=FILL_AREA_STYLE_COLOUR('',#26);
#1446=FILL_AREA_STYLE_COLOUR('',#1460);
#1447=FILL_AREA_STYLE_COLOUR('',#26);
#1448=FILL_AREA_STYLE_COLOUR('',#1460);
#1449=FILL_AREA_STYLE_COLOUR('',#26);
#1450=FILL_AREA_STYLE_COLOUR('',#27);
#1451=FILL_AREA_STYLE_COLOUR('',#27);
#1452=FILL_AREA_STYLE_COLOUR('',#1460);
#1453=FILL_AREA_STYLE_COLOUR('',#26);
#1454=FILL_AREA_STYLE_COLOUR('',#27);
#1455=FILL_AREA_STYLE_COLOUR('',#27);
#1456=FILL_AREA_STYLE_COLOUR('',#27);
#1457=FILL_AREA_STYLE_COLOUR('',#26);
#1458=FILL_AREA_STYLE_COLOUR('',#26);
#1459=COLOUR_RGB('',0.615686274509804,0.811764705882353,0.929411764705882);
#1460=COLOUR_RGB('',0.980392156862745,0.713725490196078,0.00392156862745098);
#1461=MANIFOLD_SOLID_BREP('Part 1',#1367);
#1462=SHAPE_DEFINITION_REPRESENTATION(#2295,#1463);
#1463=SHAPE_REPRESENTATION('Part 1',(#1464),#2290);
#1464=AXIS2_PLACEMENT_3D('',#1913,#1559,#1560);
#1465=AXIS2_PLACEMENT_3D('',#1914,#1561,#1562);
#1466=AXIS2_PLACEMENT_3D('',#1915,#1563,#1564);
#1467=AXIS2_PLACEMENT_3D('',#1918,#1565,#1566);
#1468=AXIS2_PLACEMENT_3D('',#1920,#1567,#1568);
#1469=AXIS2_PLACEMENT_3D('',#1922,#1569,#1570);
#1470=AXIS2_PLACEMENT_3D('',#1923,#1571,#1572);
#1471=AXIS2_PLACEMENT_3D('',#1925,#1573,#1574);
#1472=AXIS2_PLACEMENT_3D('',#1926,#1575,#1576);
#1473=AXIS2_PLACEMENT_3D('',#1928,#1577,#1578);
#1474=AXIS2_PLACEMENT_3D('',#1930,#1579,#1580);
#1475=AXIS2_PLACEMENT_3D('',#1931,#1581,#1582);
#1476=AXIS2_PLACEMENT_3D('',#1933,#1583,#1584);
#1477=AXIS2_PLACEMENT_3D('',#1934,#1585,#1586);
#1478=AXIS2_PLACEMENT_3D('',#1937,#1587,#1588);
#1479=AXIS2_PLACEMENT_3D('',#1939,#1589,#1590);
#1480=AXIS2_PLACEMENT_3D('',#1941,#1591,#1592);
#1481=AXIS2_PLACEMENT_3D('',#1942,#1593,#1594);
#1482=AXIS2_PLACEMENT_3D('',#1944,#1595,#1596);
#1483=AXIS2_PLACEMENT_3D('',#1945,#1597,#1598);
#1484=AXIS2_PLACEMENT_3D('',#1954,#1603,#1604);
#1485=AXIS2_PLACEMENT_3D('',#1955,#1605,#1606);
#1486=AXIS2_PLACEMENT_3D('',#1962,#1610,#1611);
#1487=AXIS2_PLACEMENT_3D('',#1971,#1616,#1617);
#1488=AXIS2_PLACEMENT_3D('',#1977,#1621,#1622);
#1489=AXIS2_PLACEMENT_3D('',#1986,#1627,#1628);
#1490=AXIS2_PLACEMENT_3D('',#1995,#1633,#1634);
#1491=AXIS2_PLACEMENT_3D('',#2001,#1638,#1639);
#1492=AXIS2_PLACEMENT_3D('',#2007,#1643,#1644);
#1493=AXIS2_PLACEMENT_3D('',#2013,#1648,#1649);
#1494=AXIS2_PLACEMENT_3D('',#2019,#1653,#1654);
#1495=AXIS2_PLACEMENT_3D('',#2025,#1658,#1659);
#1496=AXIS2_PLACEMENT_3D('',#2031,#1663,#1664);
#1497=AXIS2_PLACEMENT_3D('',#2034,#1667,#1668);
#1498=AXIS2_PLACEMENT_3D('',#2040,#1672,#1673);
#1499=AXIS2_PLACEMENT_3D('',#2051,#1680,#1681);
#1500=AXIS2_PLACEMENT_3D('',#2054,#1684,#1685);
#1501=AXIS2_PLACEMENT_3D('',#2061,#1690,#1691);
#1502=AXIS2_PLACEMENT_3D('',#2062,#1692,#1693);
#1503=AXIS2_PLACEMENT_3D('',#2064,#1695,#1696);
#1504=AXIS2_PLACEMENT_3D('',#2066,#1698,#1699);
#1505=AXIS2_PLACEMENT_3D('',#2068,#1701,#1702);
#1506=AXIS2_PLACEMENT_3D('',#2069,#1703,#1704);
#1507=AXIS2_PLACEMENT_3D('',#2071,#1705,#1706);
#1508=AXIS2_PLACEMENT_3D('',#2072,#1707,#1708);
#1509=AXIS2_PLACEMENT_3D('',#2074,#1709,#1710);
#1510=AXIS2_PLACEMENT_3D('',#2075,#1711,#1712);
#1511=AXIS2_PLACEMENT_3D('',#2076,#1713,#1714);
#1512=AXIS2_PLACEMENT_3D('',#2077,#1715,#1716);
#1513=AXIS2_PLACEMENT_3D('',#2079,#1717,#1718);
#1514=AXIS2_PLACEMENT_3D('',#2080,#1719,#1720);
#1515=AXIS2_PLACEMENT_3D('',#2086,#1724,#1725);
#1516=AXIS2_PLACEMENT_3D('',#2099,#1732,#1733);
#1517=AXIS2_PLACEMENT_3D('',#2103,#1736,#1737);
#1518=AXIS2_PLACEMENT_3D('',#2110,#1741,#1742);
#1519=AXIS2_PLACEMENT_3D('',#2121,#1748,#1749);
#1520=AXIS2_PLACEMENT_3D('',#2132,#1756,#1757);
#1521=AXIS2_PLACEMENT_3D('',#2141,#1762,#1763);
#1522=AXIS2_PLACEMENT_3D('',#2148,#1767,#1768);
#1523=AXIS2_PLACEMENT_3D('',#2152,#1772,#1773);
#1524=AXIS2_PLACEMENT_3D('',#2159,#1777,#1778);
#1525=AXIS2_PLACEMENT_3D('',#2162,#1781,#1782);
#1526=AXIS2_PLACEMENT_3D('',#2164,#1784,#1785);
#1527=AXIS2_PLACEMENT_3D('',#2168,#1788,#1789);
#1528=AXIS2_PLACEMENT_3D('',#2174,#1793,#1794);
#1529=AXIS2_PLACEMENT_3D('',#2176,#1796,#1797);
#1530=AXIS2_PLACEMENT_3D('',#2182,#1801,#1802);
#1531=AXIS2_PLACEMENT_3D('',#2184,#1804,#1805);
#1532=AXIS2_PLACEMENT_3D('',#2189,#1809,#1810);
#1533=AXIS2_PLACEMENT_3D('',#2191,#1812,#1813);
#1534=AXIS2_PLACEMENT_3D('',#2194,#1816,#1817);
#1535=AXIS2_PLACEMENT_3D('',#2199,#1821,#1822);
#1536=AXIS2_PLACEMENT_3D('',#2203,#1825,#1826);
#1537=AXIS2_PLACEMENT_3D('',#2205,#1828,#1829);
#1538=AXIS2_PLACEMENT_3D('',#2208,#1832,#1833);
#1539=AXIS2_PLACEMENT_3D('',#2210,#1835,#1836);
#1540=AXIS2_PLACEMENT_3D('',#2212,#1838,#1839);
#1541=AXIS2_PLACEMENT_3D('',#2221,#1844,#1845);
#1542=AXIS2_PLACEMENT_3D('',#2230,#1850,#1851);
#1543=AXIS2_PLACEMENT_3D('',#2233,#1854,#1855);
#1544=AXIS2_PLACEMENT_3D('',#2242,#1860,#1861);
#1545=AXIS2_PLACEMENT_3D('',#2245,#1864,#1865);
#1546=AXIS2_PLACEMENT_3D('',#2247,#1867,#1868);
#1547=AXIS2_PLACEMENT_3D('',#2256,#1874,#1875);
#1548=AXIS2_PLACEMENT_3D('',#2262,#1879,#1880);
#1549=AXIS2_PLACEMENT_3D('',#2266,#1883,#1884);
#1550=AXIS2_PLACEMENT_3D('',#2272,#1888,#1889);
#1551=AXIS2_PLACEMENT_3D('',#2276,#1892,#1893);
#1552=AXIS2_PLACEMENT_3D('',#2279,#1896,#1897);
#1553=AXIS2_PLACEMENT_3D('',#2282,#1900,#1901);
#1554=AXIS2_PLACEMENT_3D('',#2284,#1903,#1904);
#1555=AXIS2_PLACEMENT_3D('',#2285,#1905,#1906);
#1556=AXIS2_PLACEMENT_3D('',#2286,#1907,#1908);
#1557=AXIS2_PLACEMENT_3D('',#2287,#1909,#1910);
#1558=AXIS2_PLACEMENT_3D('',#2288,#1911,#1912);
#1559=DIRECTION('',(0.,0.,1.));
#1560=DIRECTION('',(1.,0.,0.));
#1561=DIRECTION('',(0.577350195676386,-0.577350195676387,-0.577350416216076));
#1562=DIRECTION('',(-0.408248394427263,0.408248394427263,-0.816496476964307));
#1563=DIRECTION('',(-0.577350195676386,0.577350195676387,0.577350416216076));
#1564=DIRECTION('',(0.408248394427263,-0.408248394427263,0.816496476964307));
#1565=DIRECTION('',(-0.459700883359829,-0.627962895629754,-0.627963135502785));
#1566=DIRECTION('',(-0.888073813282541,0.325057549857459,0.32505767402489));
#1567=DIRECTION('',(0.,-1.,0.));
#1568=DIRECTION('',(0.707106646134117,0.,-0.707106916238953));
#1569=DIRECTION('',(-0.627963059466095,0.627963059466096,-0.459700763423297));
#1570=DIRECTION('',(0.325057527133246,-0.325057527133247,-0.888073875366255));
#1571=DIRECTION('',(-0.577350195676386,0.577350195676387,0.577350416216076));
#1572=DIRECTION('',(0.,-0.707106916238952,0.707106646134117));
#1573=DIRECTION('',(0.577350195676386,0.577350195676387,-0.577350416216076));
#1574=DIRECTION('',(-0.408248394427263,-0.408248394427263,-0.816496476964307));
#1575=DIRECTION('',(-0.459700883359829,0.627962895629754,-0.627963135502784));
#1576=DIRECTION('',(-0.888073813282541,-0.325057549857459,0.32505767402489));
#1577=DIRECTION('',(-0.577350195676386,-0.577350195676387,0.577350416216076));
#1578=DIRECTION('',(0.,-0.707106916238952,-0.707106646134117));
#1579=DIRECTION('',(-0.627963059466095,-0.627963059466096,-0.459700763423297));
#1580=DIRECTION('',(0.325057527133246,0.325057527133247,-0.888073875366255));
#1581=DIRECTION('',(-0.577350195676386,-0.577350195676387,0.577350416216076));
#1582=DIRECTION('',(0.,-0.707106916238952,-0.707106646134117));
#1583=DIRECTION('',(-1.,1.98254111540206E-16,0.));
#1584=DIRECTION('',(-1.98254111540206E-16,-1.,0.));
#1585=DIRECTION('',(-0.240679258656132,-3.72537796408845E-16,-0.970604705558723));
#1586=DIRECTION('',(-0.970604705558723,2.96635932787426E-16,0.240679258656132));
#1587=DIRECTION('',(-1.,-9.40528879596562E-31,-3.1655095938719E-16));
#1588=DIRECTION('',(-3.1655095938719E-16,0.,1.));
#1589=DIRECTION('',(-0.240679258656132,-3.72537796408845E-16,-0.970604705558723));
#1590=DIRECTION('',(-0.970604705558723,2.96635932787426E-16,0.240679258656132));
#1591=DIRECTION('',(-1.,-9.40528879596562E-31,-3.1655095938719E-16));
#1592=DIRECTION('',(-3.1655095938719E-16,0.,1.));
#1593=DIRECTION('',(1.,-1.98254111540206E-16,0.));
#1594=DIRECTION('',(1.98254111540206E-16,1.,0.));
#1595=DIRECTION('',(1.,-1.98254111540206E-16,0.));
#1596=DIRECTION('',(1.98254111540206E-16,1.,0.));
#1597=DIRECTION('',(0.,1.,0.));
#1598=DIRECTION('',(0.,0.,1.));
#1599=DIRECTION('',(1.,0.,0.));
#1600=DIRECTION('',(0.,0.,-1.));
#1601=DIRECTION('',(1.,0.,0.));
#1602=DIRECTION('',(0.,0.,-1.));
#1603=DIRECTION('',(0.,0.,1.));
#1604=DIRECTION('',(1.,0.,0.));
#1605=DIRECTION('',(0.,0.,1.));
#1606=DIRECTION('',(1.,0.,0.));
#1607=DIRECTION('',(1.,0.,0.));
#1608=DIRECTION('',(0.,-1.,0.));
#1609=DIRECTION('',(0.,-1.,0.));
#1610=DIRECTION('',(0.,1.,0.));
#1611=DIRECTION('',(0.,0.,-1.));
#1612=DIRECTION('',(0.,0.,-1.));
#1613=DIRECTION('',(1.,0.,0.));
#1614=DIRECTION('',(0.,0.,-1.));
#1615=DIRECTION('',(1.,0.,0.));
#1616=DIRECTION('',(0.,0.,-1.));
#1617=DIRECTION('',(1.,0.,0.));
#1618=DIRECTION('',(1.,0.,0.));
#1619=DIRECTION('',(0.,-1.,0.));
#1620=DIRECTION('',(0.,-1.,0.));
#1621=DIRECTION('',(0.,0.,-1.));
#1622=DIRECTION('',(1.,0.,0.));
#1623=DIRECTION('',(0.,1.,0.));
#1624=DIRECTION('',(1.,0.,0.));
#1625=DIRECTION('',(0.,-1.,0.));
#1626=DIRECTION('',(1.,0.,0.));
#1627=DIRECTION('',(0.,0.,-1.));
#1628=DIRECTION('',(1.,0.,0.));
#1629=DIRECTION('',(0.,1.,0.));
#1630=DIRECTION('',(-1.,0.,0.));
#1631=DIRECTION('',(0.,-1.,0.));
#1632=DIRECTION('',(1.,0.,0.));
#1633=DIRECTION('',(0.,1.,0.));
#1634=DIRECTION('',(0.,0.,1.));
#1635=DIRECTION('',(1.,0.,0.));
#1636=DIRECTION('',(0.,0.,1.));
#1637=DIRECTION('',(0.,0.,1.));
#1638=DIRECTION('',(0.,0.,1.));
#1639=DIRECTION('',(1.,0.,0.));
#1640=DIRECTION('',(0.,-1.,0.));
#1641=DIRECTION('',(0.,-1.,0.));
#1642=DIRECTION('',(-1.,0.,0.));
#1643=DIRECTION('',(0.,0.,1.));
#1644=DIRECTION('',(1.,0.,0.));
#1645=DIRECTION('',(0.,-1.,0.));
#1646=DIRECTION('',(1.,0.,0.));
#1647=DIRECTION('',(0.,-1.,0.));
#1648=DIRECTION('',(0.,1.,0.));
#1649=DIRECTION('',(0.,0.,-1.));
#1650=DIRECTION('',(1.,0.,0.));
#1651=DIRECTION('',(0.,0.,1.));
#1652=DIRECTION('',(0.,0.,1.));
#1653=DIRECTION('',(0.,0.,-1.));
#1654=DIRECTION('',(1.,0.,0.));
#1655=DIRECTION('',(0.,1.,0.));
#1656=DIRECTION('',(1.,0.,0.));
#1657=DIRECTION('',(0.,-1.,0.));
#1658=DIRECTION('',(0.,1.,0.));
#1659=DIRECTION('',(0.,0.,-1.));
#1660=DIRECTION('',(0.,0.,-1.));
#1661=DIRECTION('',(1.,0.,0.));
#1662=DIRECTION('',(0.,0.,-1.));
#1663=DIRECTION('',(0.,0.,-1.));
#1664=DIRECTION('',(1.,0.,0.));
#1665=DIRECTION('',(0.,-1.,0.));
#1666=DIRECTION('',(0.,-1.,0.));
#1667=DIRECTION('',(0.,1.,0.));
#1668=DIRECTION('',(0.,0.,-1.));
#1669=DIRECTION('',(0.,0.,1.));
#1670=DIRECTION('',(0.,0.,1.));
#1671=DIRECTION('',(1.,0.,0.));
#1672=DIRECTION('',(0.,-1.,0.));
#1673=DIRECTION('',(0.,0.,-1.));
#1674=DIRECTION('',(1.,0.,0.));
#1675=DIRECTION('',(0.,0.,-1.));
#1676=DIRECTION('',(0.,0.,-1.));
#1677=DIRECTION('',(0.,0.,-1.));
#1678=DIRECTION('',(-1.,0.,0.));
#1679=DIRECTION('',(0.,0.,-1.));
#1680=DIRECTION('',(1.,-1.98254111540206E-16,0.));
#1681=DIRECTION('',(1.98254111540206E-16,1.,0.));
#1682=DIRECTION('',(0.,0.,-1.));
#1683=DIRECTION('',(0.,1.,0.));
#1684=DIRECTION('',(0.,1.,0.));
#1685=DIRECTION('',(0.,0.,1.));
#1686=DIRECTION('',(0.,0.,1.));
#1687=DIRECTION('',(-1.,0.,0.));
#1688=DIRECTION('',(0.,0.,1.));
#1689=DIRECTION('',(0.,0.,-1.));
#1690=DIRECTION('',(1.,-1.98254111540206E-16,0.));
#1691=DIRECTION('',(1.98254111540206E-16,1.,0.));
#1692=DIRECTION('',(0.,0.,-1.));
#1693=DIRECTION('',(1.,0.,0.));
#1694=DIRECTION('',(0.,-1.,0.));
#1695=DIRECTION('',(-1.,0.,0.));
#1696=DIRECTION('',(0.,0.,1.));
#1697=DIRECTION('',(0.,-1.,0.));
#1698=DIRECTION('',(-1.,0.,0.));
#1699=DIRECTION('',(0.,0.,1.));
#1700=DIRECTION('',(0.,-1.,0.));
#1701=DIRECTION('',(0.,0.,-1.));
#1702=DIRECTION('',(-1.,0.,0.));
#1703=DIRECTION('',(0.,0.,-1.));
#1704=DIRECTION('',(-1.,0.,0.));
#1705=DIRECTION('',(2.44921270764476E-16,-1.,0.));
#1706=DIRECTION('',(-1.,-2.44921270764476E-16,0.));
#1707=DIRECTION('',(0.,0.,-1.));
#1708=DIRECTION('',(-1.,0.,0.));
#1709=DIRECTION('',(0.,0.,1.));
#1710=DIRECTION('',(1.,0.,0.));
#1711=DIRECTION('',(0.,0.,-1.));
#1712=DIRECTION('',(-1.,0.,0.));
#1713=DIRECTION('',(0.,0.,1.));
#1714=DIRECTION('',(1.,0.,0.));
#1715=DIRECTION('',(0.,0.,1.));
#1716=DIRECTION('',(1.,0.,0.));
#1717=DIRECTION('',(0.,0.,1.));
#1718=DIRECTION('',(1.,0.,0.));
#1719=DIRECTION('',(-0.240679258656132,-3.72537796408845E-16,-0.970604705558723));
#1720=DIRECTION('',(0.970604705558723,-9.23775870316394E-17,-0.240679258656132));
#1721=DIRECTION('',(-8.41047368638359E-31,1.,-3.14266970319058E-16));
#1722=DIRECTION('',(-0.284247088968856,0.956156659751261,0.070484284958011));
#1723=DIRECTION('',(-8.19030193070696E-31,1.,-3.8382030735612E-16));
#1724=DIRECTION('',(0.358801146645741,-2.1839719482067E-16,-0.933414022374692));
#1725=DIRECTION('',(0.933414022374692,8.39511321316036E-17,0.358801146645741));
#1726=DIRECTION('',(-0.257468451809636,0.96120494045551,-0.0989699892223366));
#1727=DIRECTION('',(2.13416362506865E-17,1.,-2.25773114835456E-16));
#1728=DIRECTION('',(0.62044055020943,-0.747110135522792,0.23849521809658));
#1729=DIRECTION('',(-0.257468451809636,0.96120494045551,-0.0989699892223366));
#1730=DIRECTION('',(0.62044055020943,-0.747110135522792,0.238495218096581));
#1731=DIRECTION('',(-1.20398706814569E-17,1.,-4.7686151057981E-17));
#1732=DIRECTION('',(-0.000712508390313124,-0.102611828834374,-0.994721219696785));
#1733=DIRECTION('',(0.999999746165865,-7.31118075481382E-5,-0.000708747394960745));
#1734=DIRECTION('',(0.0192330741932748,0.994536069636977,-0.102606505876136));
#1735=DIRECTION('',(-0.687241405051988,0.722644714591103,-0.0740531407552271));
#1736=DIRECTION('',(0.228726075235661,0.118503735818511,-0.96625113045437));
#1737=DIRECTION('',(0.97349082302161,-0.0278429891207408,0.227025076697557));
#1738=DIRECTION('',(-0.687241405051988,0.722644714591103,-0.0740531407552271));
#1739=DIRECTION('',(-0.97327128118998,0.00675812878277521,-0.229559013994593));
#1740=DIRECTION('',(0.460026588729077,-0.887905140013442,5.54170162496658E-17));
#1741=DIRECTION('',(-0.000509434329889073,0.073366137117295,-0.997304943535903));
#1742=DIRECTION('',(0.999999870238323,3.7375233748772E-5,-0.000508061441532177));
#1743=DIRECTION('',(-0.843385551696414,0.535829158907706,0.0398487597547975));
#1744=DIRECTION('',(0.999975893208618,0.006943558282858,1.29609181015232E-16));
#1745=DIRECTION('',(-0.677101006093259,0.733881534476875,0.0543334234276127));
#1746=DIRECTION('',(0.999975893208618,0.006943558282858,0.));
#1747=DIRECTION('',(-0.284247088968856,0.956156659751261,0.070484284958011));
#1748=DIRECTION('',(0.179249844805194,0.0928699372488164,0.979410367462339));
#1749=DIRECTION('',(0.983803584633292,-0.0169209810768513,-0.178449396922721));
#1750=DIRECTION('',(0.98375306147539,-0.00683091138965018,-0.17939691381789));
#1751=DIRECTION('',(-0.8082752511715,-0.553642719051179,0.200426689802695));
#1752=DIRECTION('',(-0.597366544420431,-0.780725720079675,0.183359105618635));
#1753=DIRECTION('',(-2.98820498253196E-17,-0.995534457040437,0.0943988604020317));
#1754=DIRECTION('',(-0.677101006093259,0.733881534476875,0.0543334234276127));
#1755=DIRECTION('',(-0.8082752511715,-0.553642719051179,0.200426689802696));
#1756=DIRECTION('',(0.447213595499932,-2.65750135605466E-15,-0.894427190999929));
#1757=DIRECTION('',(0.894427190999929,1.32875067802724E-15,0.447213595499932));
#1758=DIRECTION('',(-2.3769414729743E-16,-1.,2.85232976756931E-15));
#1759=DIRECTION('',(-0.816496632909431,0.408248160509606,-0.408248316454686));
#1760=DIRECTION('',(1.36667729576058E-15,1.,-2.28783819333777E-15));
#1761=DIRECTION('',(0.816496632909431,0.408248160509606,0.408248316454685));
#1762=DIRECTION('',(-0.414845001127172,0.558224417379953,-0.718532619218229));
#1763=DIRECTION('',(0.909892095272729,0.2545099691055,-0.327598917254194));
#1764=DIRECTION('',(0.265267626279886,-0.681186141568288,-0.682362460121557));
#1765=DIRECTION('',(0.62822143201699,0.746979842178632,0.217621110495532));
#1766=DIRECTION('',(0.866025403784439,0.,-0.5));
#1767=DIRECTION('',(-0.698693364827768,0.664695665538159,-0.264588839825939));
#1768=DIRECTION('',(-0.621616391016989,-0.747114229696359,-0.235400488963446));
#1769=DIRECTION('',(-0.356203741700551,-0.00247338106635125,0.934405038933667));
#1770=DIRECTION('',(0.62044055020943,0.747110135522792,0.238495218096581));
#1771=DIRECTION('',(-0.180741946317205,0.193839004166684,0.964240006069618));
#1772=DIRECTION('',(-0.414845001127172,-0.558224417379953,-0.718532619218229));
#1773=DIRECTION('',(0.909892095272729,-0.2545099691055,-0.327598917254194));
#1774=DIRECTION('',(0.265267626279886,0.681186141568288,-0.682362460121557));
#1775=DIRECTION('',(0.866025403784439,0.,-0.5));
#1776=DIRECTION('',(0.62822143201699,-0.746979842178632,0.217621110495532));
#1777=DIRECTION('',(-0.698693364827768,-0.664695665538159,-0.264588839825939));
#1778=DIRECTION('',(-0.621616391016989,0.747114229696359,-0.235400488963446));
#1779=DIRECTION('',(-0.356203741700551,0.00247338106635125,0.934405038933667));
#1780=DIRECTION('',(-0.180741946317205,-0.193839004166684,0.964240006069618));
#1781=DIRECTION('',(-0.982881981267638,-2.06192915497331E-17,-0.184236290940203));
#1782=DIRECTION('',(2.02663301307367E-17,-1.,3.7988217969375E-18));
#1783=DIRECTION('',(0.,1.,0.));
#1784=DIRECTION('',(0.179249844805194,0.0928699372488164,0.979410367462339));
#1785=DIRECTION('',(0.983803584633292,-0.0169209810768513,-0.178449396922721));
#1786=DIRECTION('',(-0.983523693131234,-0.0068293187187901,0.180650229602225));
#1787=DIRECTION('',(0.460026588729077,-0.887905140013442,5.54170162496658E-17));
#1788=DIRECTION('',(-0.517894515441678,-0.830429059405062,0.20536028869052));
#1789=DIRECTION('',(0.855444487313718,-0.502749929080496,0.124327140778378));
#1790=DIRECTION('',(-0.365091158951947,-0.00253509285369358,-0.930968323284604));
#1791=DIRECTION('',(-0.816496632909431,0.408248160509606,-0.408248316454685));
#1792=DIRECTION('',(-0.8082752511715,0.553642719051179,0.200426689802696));
#1793=DIRECTION('',(0.006943558282858,-0.999975893208618,0.));
#1794=DIRECTION('',(0.999975893208618,0.006943558282858,0.));
#1795=DIRECTION('',(-0.999972747710198,-0.00694353644137989,-0.0025082142260455));
#1796=DIRECTION('',(0.228726075235661,0.118503735818511,-0.96625113045437));
#1797=DIRECTION('',(0.97349082302161,-0.0278429891207408,0.227025076697557));
#1798=DIRECTION('',(-0.972899794496199,-0.00675554928108212,-0.231128432745008));
#1799=DIRECTION('',(0.62044055020943,0.747110135522792,0.23849521809658));
#1800=DIRECTION('',(0.0218566295297572,-0.992938089471898,-0.116602908289187));
#1801=DIRECTION('',(-0.000509434329889073,0.073366137117295,-0.997304943535903));
#1802=DIRECTION('',(0.999999870238323,3.7375233748772E-5,-0.000508061441532177));
#1803=DIRECTION('',(-2.3224124104614E-17,0.997305072947881,0.0733661466374091));
#1804=DIRECTION('',(-0.000712508390313124,-0.102611828834374,-0.994721219696785));
#1805=DIRECTION('',(0.999999746165865,-7.31118075481382E-5,-0.000708747394960745));
#1806=DIRECTION('',(0.999975893208618,-0.006943558282858,1.26337535777703E-16));
#1807=DIRECTION('',(0.999975893208618,-0.006943558282858,0.));
#1808=DIRECTION('',(0.672136223541039,-0.736568129470107,0.0755002493565265));
#1809=DIRECTION('',(0.5,0.,0.866025403784439));
#1810=DIRECTION('',(0.866025403784439,0.,-0.5));
#1811=DIRECTION('',(0.,-1.,0.));
#1812=DIRECTION('',(0.00313631518566564,-0.707103168407869,0.707103438511375));
#1813=DIRECTION('',(0.999995081751434,0.00221770931215553,-0.00221771015928943));
#1814=DIRECTION('',(0.999990163571677,0.00443539850427664,0.));
#1815=DIRECTION('',(6.40987480511764E-17,0.707106916238952,0.707106646134117));
#1816=DIRECTION('',(-0.240679258656132,-3.72537796408845E-16,-0.970604705558723));
#1817=DIRECTION('',(0.970604705558723,-9.23775870316394E-17,-0.240679258656132));
#1818=DIRECTION('',(-8.19030193070696E-31,1.,-3.8382030735612E-16));
#1819=DIRECTION('',(-0.8082752511715,0.553642719051179,0.200426689802696));
#1820=DIRECTION('',(-8.41047368638359E-31,1.,-3.14266970319058E-16));
#1821=DIRECTION('',(0.006943558282858,0.999975893208618,0.));
#1822=DIRECTION('',(0.999975893208618,-0.006943558282858,0.));
#1823=DIRECTION('',(-0.999972747710198,0.00694353644137989,-0.0025082142260455));
#1824=DIRECTION('',(-0.365091158951947,0.00253509285369358,-0.930968323284604));
#1825=DIRECTION('',(0.,0.,1.));
#1826=DIRECTION('',(1.,0.,0.));
#1827=DIRECTION('',(0.999990163571676,-0.00443539850427645,0.));
#1828=DIRECTION('',(-1.,-9.40528879596562E-31,-3.1655095938719E-16));
#1829=DIRECTION('',(9.40528879596562E-31,-1.,2.9772531916765E-46));
#1830=DIRECTION('',(3.20493740255882E-17,0.707106916238952,0.707106646134117));
#1831=DIRECTION('',(1.91785913197225E-16,0.707106916238952,-0.707106646134117));
#1832=DIRECTION('',(0.00313631518566564,0.707103168407869,0.707103438511375));
#1833=DIRECTION('',(0.999995081751434,-0.00221770931215553,-0.00221771015928943));
#1834=DIRECTION('',(3.19473078343275E-16,0.707106916238952,-0.707106646134117));
#1835=DIRECTION('',(-0.517894515441678,0.830429059405062,0.20536028869052));
#1836=DIRECTION('',(0.855444487313718,0.502749929080496,0.124327140778378));
#1837=DIRECTION('',(0.816496632909431,0.408248160509606,0.408248316454685));
#1838=DIRECTION('',(0.447213595499932,-2.65750135605466E-15,-0.894427190999929));
#1839=DIRECTION('',(0.894427190999929,1.32875067802724E-15,0.447213595499932));
#1840=DIRECTION('',(1.95837413937269E-46,-1.,2.97117684121801E-15));
#1841=DIRECTION('',(0.816496632909431,0.408248160509606,0.408248316454685));
#1842=DIRECTION('',(5.94235368243645E-15,1.,0.));
#1843=DIRECTION('',(-0.816496632909431,0.408248160509604,-0.408248316454688));
#1844=DIRECTION('',(-0.414845001127172,0.558224417379953,-0.718532619218229));
#1845=DIRECTION('',(0.909892095272729,0.2545099691055,-0.327598917254194));
#1846=DIRECTION('',(0.265267626279886,-0.681186141568288,-0.682362460121557));
#1847=DIRECTION('',(0.866025403784439,7.95538847860529E-16,-0.5));
#1848=DIRECTION('',(0.62822143201699,0.746979842178632,0.217621110495532));
#1849=DIRECTION('',(-0.868030189227532,-0.00602736351057636,0.496474834688251));
#1850=DIRECTION('',(-0.698693364827768,0.664695665538159,-0.264588839825939));
#1851=DIRECTION('',(-0.621616391016989,-0.747114229696359,-0.235400488963446));
#1852=DIRECTION('',(-0.35620374170055,-0.00247338106635124,0.934405038933668));
#1853=DIRECTION('',(-0.180741946317207,0.193839004166683,0.964240006069618));
#1854=DIRECTION('',(-0.414845001127172,-0.558224417379953,-0.718532619218229));
#1855=DIRECTION('',(0.909892095272729,-0.2545099691055,-0.327598917254194));
#1856=DIRECTION('',(0.265267626279886,0.681186141568288,-0.682362460121557));
#1857=DIRECTION('',(0.868030189227532,-0.00602736351057636,-0.496474834688251));
#1858=DIRECTION('',(0.62822143201699,-0.746979842178632,0.217621110495532));
#1859=DIRECTION('',(0.866025403784439,-7.95538847860529E-16,-0.5));
#1860=DIRECTION('',(-0.698693364827768,-0.664695665538159,-0.264588839825939));
#1861=DIRECTION('',(-0.621616391016989,0.747114229696359,-0.235400488963446));
#1862=DIRECTION('',(-0.35620374170055,0.00247338106635124,0.934405038933668));
#1863=DIRECTION('',(-0.180741946317207,-0.193839004166683,0.964240006069618));
#1864=DIRECTION('',(-0.982881981267638,-2.06192915497331E-17,-0.184236290940203));
#1865=DIRECTION('',(2.02663301307367E-17,-1.,3.7988217969375E-18));
#1866=DIRECTION('',(-2.35242249496221E-17,1.,1.35817176071416E-17));
#1867=DIRECTION('',(-0.577350195676386,0.577350195676387,0.577350416216076));
#1868=DIRECTION('',(-0.816496632909431,-0.408248160509606,-0.408248316454685));
#1869=DIRECTION('',(2.23835287222812E-16,0.707106916238952,-0.707106646134117));
#1870=DIRECTION('',(0.816496632909431,0.408248160509606,0.408248316454685));
#1871=DIRECTION('',(0.704647780364393,-0.00489288088350533,0.709540390213407));
#1872=DIRECTION('',(4.01575264342075E-17,0.707106916238952,-0.707106646134117));
#1873=DIRECTION('',(0.707106781186548,0.707106781186547,0.));
#1874=DIRECTION('',(-0.517894515441678,-0.830429059405062,0.20536028869052));
#1875=DIRECTION('',(0.855444487313718,-0.502749929080496,0.124327140778378));
#1876=DIRECTION('',(-0.365091158951946,-0.00253509285369355,-0.930968323284605));
#1877=DIRECTION('',(3.07294183732662E-16,-0.240062671203126,-0.970757391882658));
#1878=DIRECTION('',(-0.816496632909431,0.408248160509606,-0.408248316454685));
#1879=DIRECTION('',(0.006943558282858,-0.999975893208618,0.));
#1880=DIRECTION('',(0.999975893208618,0.006943558282858,0.));
#1881=DIRECTION('',(-0.999972747710198,-0.00694353644137986,-0.00250821422604547));
#1882=DIRECTION('',(0.704647780364393,0.0048928808835054,0.709540390213407));
#1883=DIRECTION('',(0.5,0.,0.866025403784439));
#1884=DIRECTION('',(0.866025403784439,0.,-0.5));
#1885=DIRECTION('',(0.,-1.,0.));
#1886=DIRECTION('',(-0.775784921542375,-0.444458855249829,0.447899633285743));
#1887=DIRECTION('',(-0.775784921542375,0.444458855249829,0.447899633285743));
#1888=DIRECTION('',(0.00313631518566564,-0.707103168407869,0.707103438511375));
#1889=DIRECTION('',(0.999995081751434,0.00221770931215553,-0.00221771015928943));
#1890=DIRECTION('',(0.999990163571676,0.00443539850427747,0.));
#1891=DIRECTION('',(-4.01575264342075E-17,0.707106916238952,0.707106646134117));
#1892=DIRECTION('',(0.006943558282858,0.999975893208618,0.));
#1893=DIRECTION('',(0.999975893208618,-0.006943558282858,0.));
#1894=DIRECTION('',(-0.999972747710198,0.00694353644137986,-0.00250821422604547));
#1895=DIRECTION('',(-0.365091158951946,0.00253509285369357,-0.930968323284605));
#1896=DIRECTION('',(-0.577350195676386,-0.577350195676387,0.577350416216076));
#1897=DIRECTION('',(0.816496632909431,-0.408248160509606,0.408248316454685));
#1898=DIRECTION('',(-2.23835287222814E-16,0.707106916238952,0.707106646134117));
#1899=DIRECTION('',(0.707106781186548,-0.707106781186547,0.));
#1900=DIRECTION('',(0.,0.,1.));
#1901=DIRECTION('',(1.,0.,0.));
#1902=DIRECTION('',(0.999990163571676,-0.00443539850427747,0.));
#1903=DIRECTION('',(-1.,-9.40528879596562E-31,-3.1655095938719E-16));
#1904=DIRECTION('',(9.40528879596562E-31,-1.,2.9772531916765E-46));
#1905=DIRECTION('',(0.00313631518566564,0.707103168407869,0.707103438511375));
#1906=DIRECTION('',(0.999995081751434,-0.00221770931215553,-0.00221771015928943));
#1907=DIRECTION('',(-0.517894515441678,0.830429059405062,0.20536028869052));
#1908=DIRECTION('',(0.855444487313718,0.502749929080496,0.124327140778378));
#1909=DIRECTION('',(-0.577350195676386,-0.577350195676387,0.577350416216076));
#1910=DIRECTION('',(0.408248394427263,0.408248394427263,0.816496476964307));
#1911=DIRECTION('',(-0.577350195676386,0.577350195676387,0.577350416216076));
#1912=DIRECTION('',(0.408248394427263,-0.408248394427263,0.816496476964307));
#1913=CARTESIAN_POINT('',(0.,0.,0.));
#1914=CARTESIAN_POINT('',(78.046486302653,40.4145136973471,40.4145291351253));
#1915=CARTESIAN_POINT('',(118.461,-2.77555756156289E-14,0.));
#1916=CARTESIAN_POINT('',(123.764300858899,5.30330085889907,0.));
#1917=CARTESIAN_POINT('',(118.461,5.30330187179212,-5.30329984600588));
#1918=CARTESIAN_POINT('',(118.461,-2.56204779613966E-14,3.69906822679374E-15));
#1919=CARTESIAN_POINT('',(108.215808644593,-2.73218947466347E-14,7.5));
#1920=CARTESIAN_POINT('',(118.461,-2.77555756156289E-14,0.));
#1921=CARTESIAN_POINT('',(110.961,-2.81892564846231E-14,10.2451927878548));
#1922=CARTESIAN_POINT('',(118.461,-2.19214097346029E-14,1.38777878078145E-14));
#1923=CARTESIAN_POINT('',(79.4898617918439,38.9711382081561,38.9711530945851));
#1924=CARTESIAN_POINT('',(79.4898617918439,33.667836336364,44.274452940591));
#1925=CARTESIAN_POINT('',(78.046486302653,-40.4145136973472,40.4145291351253));
#1926=CARTESIAN_POINT('',(118.461,-2.2151031009443E-14,2.29621274840129E-16));
#1927=CARTESIAN_POINT('',(118.461,-5.30330187179217,-5.30329984600587));
#1928=CARTESIAN_POINT('',(118.461,-1.38777860407741E-14,1.38777913418939E-14));
#1929=CARTESIAN_POINT('',(123.764300858899,-5.30330085889912,0.));
#1930=CARTESIAN_POINT('',(118.461,-2.53908566865565E-14,1.04083408558608E-14));
#1931=CARTESIAN_POINT('',(79.4898617918439,-38.9711382081562,38.9711530945851));
#1932=CARTESIAN_POINT('',(79.4898617918439,-44.2744400799483,33.6678532485792));
#1933=CARTESIAN_POINT('',(118.461,-2.34853803071644E-14,4.59242549680257E-16));
#1934=CARTESIAN_POINT('',(76.2805351730609,-1.51229297285466E-14,4.59242549680257E-16));
#1935=CARTESIAN_POINT('',(55.2350906824606,-5.38666577885734,5.21860439072434));
#1936=CARTESIAN_POINT('',(52.7350906824606,-4.7076132361458,5.83852529487242));
#1937=CARTESIAN_POINT('',(52.7350906824606,-1.04549485502434E-14,4.59242549680257E-16));
#1938=CARTESIAN_POINT('',(52.7350906824606,4.70761323614579,5.83852529487241));
#1939=CARTESIAN_POINT('',(76.2805351730609,-1.51229297285466E-14,4.59242549680257E-16));
#1940=CARTESIAN_POINT('',(55.2350906824606,5.38666577885732,5.21860439072434));
#1941=CARTESIAN_POINT('',(55.2350906824606,-1.0950583829094E-14,4.59242549680257E-16));
#1942=CARTESIAN_POINT('',(17.5,-3.46944695195361E-15,4.59242549680257E-16));
#1943=CARTESIAN_POINT('',(17.5,7.5,4.59242549680257E-16));
#1944=CARTESIAN_POINT('',(118.461,-2.34853803071644E-14,4.59242549680257E-16));
#1945=CARTESIAN_POINT('',(-3.46944695195361E-15,-19.,16.));
#1946=CARTESIAN_POINT('',(-3.46944695195361E-15,-19.,16.));
#1947=CARTESIAN_POINT('',(-17.5,-19.,16.));
#1948=CARTESIAN_POINT('',(17.5,-19.,16.));
#1949=CARTESIAN_POINT('',(-17.5,-19.,15.375));
#1950=CARTESIAN_POINT('',(-17.5,-19.,14.75));
#1951=CARTESIAN_POINT('',(-3.46944695195361E-15,-19.,14.75));
#1952=CARTESIAN_POINT('',(17.5,-19.,14.75));
#1953=CARTESIAN_POINT('',(17.5,-19.,15.375));
#1954=CARTESIAN_POINT('',(0.,0.,16.));
#1955=CARTESIAN_POINT('',(0.,1.53080849893419E-16,16.));
#1956=CARTESIAN_POINT('',(2.5,1.53080849893419E-16,16.));
#1957=CARTESIAN_POINT('',(3.46944695195361E-15,19.,16.));
#1958=CARTESIAN_POINT('',(-17.5,19.,16.));
#1959=CARTESIAN_POINT('',(17.5,19.,16.));
#1960=CARTESIAN_POINT('',(-17.5,43.5559830844476,16.));
#1961=CARTESIAN_POINT('',(17.5,43.5559830844476,16.));
#1962=CARTESIAN_POINT('',(-3.46944695195361E-15,-19.,-16.));
#1963=CARTESIAN_POINT('',(17.5,-19.,15.375));
#1964=CARTESIAN_POINT('',(17.5,-19.,-14.75));
#1965=CARTESIAN_POINT('',(17.5,-19.,-16.));
#1966=CARTESIAN_POINT('',(-3.46944695195361E-15,-19.,-14.75));
#1967=CARTESIAN_POINT('',(13.68,-19.,-14.75));
#1968=CARTESIAN_POINT('',(13.68,-19.,-15.375));
#1969=CARTESIAN_POINT('',(13.68,-19.,-16.));
#1970=CARTESIAN_POINT('',(-3.46944695195361E-15,-19.,-16.));
#1971=CARTESIAN_POINT('',(0.,0.,-16.));
#1972=CARTESIAN_POINT('',(3.46944695195361E-15,19.,-16.));
#1973=CARTESIAN_POINT('',(13.68,19.,-16.));
#1974=CARTESIAN_POINT('',(17.5,19.,-16.));
#1975=CARTESIAN_POINT('',(17.5,43.5559830844476,-16.));
#1976=CARTESIAN_POINT('',(13.68,43.5559830844476,-16.));
#1977=CARTESIAN_POINT('',(0.,0.,-14.75));
#1978=CARTESIAN_POINT('',(-17.5,0.,-14.75));
#1979=CARTESIAN_POINT('',(-17.5,-19.,-14.75));
#1980=CARTESIAN_POINT('',(-17.5,-17.5,-14.75));
#1981=CARTESIAN_POINT('',(-3.46944695195361E-15,-19.,-14.75));
#1982=CARTESIAN_POINT('',(-13.68,-19.,-14.75));
#1983=CARTESIAN_POINT('',(-13.68,43.5559830844476,-14.75));
#1984=CARTESIAN_POINT('',(-13.68,-17.5,-14.75));
#1985=CARTESIAN_POINT('',(-3.46944695195361E-15,-17.5,-14.75));
#1986=CARTESIAN_POINT('',(0.,0.,-14.75));
#1987=CARTESIAN_POINT('',(-17.5,0.,-14.75));
#1988=CARTESIAN_POINT('',(-17.5,17.5,-14.75));
#1989=CARTESIAN_POINT('',(-17.5,19.,-14.75));
#1990=CARTESIAN_POINT('',(3.46944695195361E-15,17.5,-14.75));
#1991=CARTESIAN_POINT('',(-13.68,17.5,-14.75));
#1992=CARTESIAN_POINT('',(-13.68,43.5559830844476,-14.75));
#1993=CARTESIAN_POINT('',(-13.68,19.,-14.75));
#1994=CARTESIAN_POINT('',(3.46944695195361E-15,19.,-14.75));
#1995=CARTESIAN_POINT('',(3.46944695195361E-15,19.,16.));
#1996=CARTESIAN_POINT('',(3.46944695195361E-15,19.,14.75));
#1997=CARTESIAN_POINT('',(-17.5,19.,14.75));
#1998=CARTESIAN_POINT('',(17.5,19.,14.75));
#1999=CARTESIAN_POINT('',(-17.5,19.,16.));
#2000=CARTESIAN_POINT('',(17.5,19.,16.));
#2001=CARTESIAN_POINT('',(0.,0.,14.75));
#2002=CARTESIAN_POINT('',(-17.5,0.,14.75));
#2003=CARTESIAN_POINT('',(-17.5,17.5,14.75));
#2004=CARTESIAN_POINT('',(17.5,0.,14.75));
#2005=CARTESIAN_POINT('',(17.5,17.5,14.75));
#2006=CARTESIAN_POINT('',(3.46944695195361E-15,17.5,14.75));
#2007=CARTESIAN_POINT('',(0.,0.,14.75));
#2008=CARTESIAN_POINT('',(-17.5,0.,14.75));
#2009=CARTESIAN_POINT('',(-17.5,-17.5,14.75));
#2010=CARTESIAN_POINT('',(-3.46944695195361E-15,-17.5,14.75));
#2011=CARTESIAN_POINT('',(17.5,-17.5,14.75));
#2012=CARTESIAN_POINT('',(17.5,0.,14.75));
#2013=CARTESIAN_POINT('',(3.46944695195361E-15,19.,-16.));
#2014=CARTESIAN_POINT('',(3.46944695195361E-15,19.,-16.));
#2015=CARTESIAN_POINT('',(-17.5,19.,-16.));
#2016=CARTESIAN_POINT('',(-13.68,19.,-16.));
#2017=CARTESIAN_POINT('',(-17.5,19.,-16.));
#2018=CARTESIAN_POINT('',(-13.68,19.,-16.));
#2019=CARTESIAN_POINT('',(0.,0.,-14.75));
#2020=CARTESIAN_POINT('',(17.5,0.,-14.75));
#2021=CARTESIAN_POINT('',(17.5,-17.5,-14.75));
#2022=CARTESIAN_POINT('',(-3.46944695195361E-15,-17.5,-14.75));
#2023=CARTESIAN_POINT('',(13.68,-17.5,-14.75));
#2024=CARTESIAN_POINT('',(13.68,43.5559830844476,-14.75));
#2025=CARTESIAN_POINT('',(-3.46944695195361E-15,-19.,-16.));
#2026=CARTESIAN_POINT('',(-17.5,-19.,15.375));
#2027=CARTESIAN_POINT('',(-17.5,-19.,-16.));
#2028=CARTESIAN_POINT('',(-3.46944695195361E-15,-19.,-16.));
#2029=CARTESIAN_POINT('',(-13.68,-19.,-16.));
#2030=CARTESIAN_POINT('',(-13.68,-19.,-15.375));
#2031=CARTESIAN_POINT('',(0.,0.,-16.));
#2032=CARTESIAN_POINT('',(-17.5,43.5559830844476,-16.));
#2033=CARTESIAN_POINT('',(-13.68,43.5559830844476,-16.));
#2034=CARTESIAN_POINT('',(3.46944695195361E-15,19.,-16.));
#2035=CARTESIAN_POINT('',(17.5,19.,-16.));
#2036=CARTESIAN_POINT('',(17.5,19.,-14.75));
#2037=CARTESIAN_POINT('',(13.68,19.,-16.));
#2038=CARTESIAN_POINT('',(13.68,19.,-14.75));
#2039=CARTESIAN_POINT('',(3.46944695195361E-15,19.,-14.75));
#2040=CARTESIAN_POINT('',(3.46944695195361E-15,17.5,14.75));
#2041=CARTESIAN_POINT('',(3.46944695195361E-15,17.5,0.));
#2042=CARTESIAN_POINT('',(-13.68,17.5,0.));
#2043=CARTESIAN_POINT('',(13.68,17.5,0.));
#2044=CARTESIAN_POINT('',(-13.68,17.5,14.75));
#2045=CARTESIAN_POINT('',(-17.5,17.5,14.75));
#2046=CARTESIAN_POINT('',(17.5,17.5,14.75));
#2047=CARTESIAN_POINT('',(17.5,17.5,-14.75));
#2048=CARTESIAN_POINT('',(3.46944695195361E-15,17.5,-14.75));
#2049=CARTESIAN_POINT('',(13.68,17.5,-14.75));
#2050=CARTESIAN_POINT('',(13.68,17.5,14.75));
#2051=CARTESIAN_POINT('',(17.5,0.,14.75));
#2052=CARTESIAN_POINT('',(17.5,-17.5,14.75));
#2053=CARTESIAN_POINT('',(17.5,0.,-14.75));
#2054=CARTESIAN_POINT('',(-3.46944695195361E-15,-17.5,14.75));
#2055=CARTESIAN_POINT('',(-13.68,-17.5,14.75));
#2056=CARTESIAN_POINT('',(-13.68,-17.5,0.));
#2057=CARTESIAN_POINT('',(-3.46944695195361E-15,-17.5,0.));
#2058=CARTESIAN_POINT('',(13.68,-17.5,0.));
#2059=CARTESIAN_POINT('',(13.68,-17.5,14.75));
#2060=CARTESIAN_POINT('',(-17.5,-17.5,14.75));
#2061=CARTESIAN_POINT('',(-17.5,0.,14.75));
#2062=CARTESIAN_POINT('',(0.,0.,-14.75));
#2063=CARTESIAN_POINT('',(13.68,43.5559830844476,-14.75));
#2064=CARTESIAN_POINT('',(-13.68,45.0559830844476,-8.));
#2065=CARTESIAN_POINT('',(-13.68,45.0559830844476,0.));
#2066=CARTESIAN_POINT('',(13.68,45.0559830844476,-8.));
#2067=CARTESIAN_POINT('',(13.68,45.0559830844476,0.));
#2068=CARTESIAN_POINT('',(-6.84,45.0559830844476,0.));
#2069=CARTESIAN_POINT('',(-7.76426070659422E-16,0.,0.));
#2070=CARTESIAN_POINT('',(-12.68,0.,0.));
#2071=CARTESIAN_POINT('',(-7.76426070659422E-16,0.,0.));
#2072=CARTESIAN_POINT('',(0.,1.53080849893419E-16,12.4311061454723));
#2073=CARTESIAN_POINT('',(-2.5,1.53080849893419E-16,12.4311061454723));
#2074=CARTESIAN_POINT('',(0.,1.53080849893419E-16,-44.780058416954));
#2075=CARTESIAN_POINT('',(118.461,-2.30261377574841E-14,70.));
#2076=CARTESIAN_POINT('',(118.461,-2.30261377574841E-14,0.));
#2077=CARTESIAN_POINT('',(118.461,-2.30261377574841E-14,72.4905329753781));
#2078=CARTESIAN_POINT('',(125.961,-2.30261377574841E-14,72.4905329753781));
#2079=CARTESIAN_POINT('',(118.461,0.,0.));
#2080=CARTESIAN_POINT('',(71.2800105657344,-12.7026775270934,1.23997189431542));
#2081=CARTESIAN_POINT('',(52.7350906824606,-1.38777878078145E-14,5.83852529487241));
#2082=CARTESIAN_POINT('',(52.7350906824606,49.6791351249569,5.83852529487239));
#2083=CARTESIAN_POINT('',(71.2800105657344,-12.7026775270934,1.23997189431542));
#2084=CARTESIAN_POINT('',(55.2350906824606,41.2695796989026,5.21860439072433));
#2085=CARTESIAN_POINT('',(55.2350906824606,-12.7026775270934,5.21860439072435));
#2086=CARTESIAN_POINT('',(182.447182867149,18.1805455129381,2.44507843766868));
#2087=CARTESIAN_POINT('',(182.447182867149,18.180545512938,2.44507843766868));
#2088=CARTESIAN_POINT('',(197.545288387108,-38.1850927441108,8.24873838157892));
#2089=CARTESIAN_POINT('',(195.172700573961,-29.3275293741783,7.33672376912493));
#2090=CARTESIAN_POINT('',(195.172700573961,18.1805455129381,7.3367237691249));
#2091=CARTESIAN_POINT('',(195.172700573961,37.2809500207153,7.3367237691249));
#2092=CARTESIAN_POINT('',(182.45086414195,52.6000856536302,2.44649350706782));
#2093=CARTESIAN_POINT('',(168.836196505019,68.9943335471498,-2.78693800588892));
#2094=CARTESIAN_POINT('',(182.447182867149,18.180545512938,2.44507843766868));
#2095=CARTESIAN_POINT('',(167.349077347189,74.546183769987,-3.35858150624154));
#2096=CARTESIAN_POINT('',(182.447182867149,56.3656382570489,2.44507843766869));
#2097=CARTESIAN_POINT('',(197.545288387108,38.1850927441108,8.24873838157892));
#2098=CARTESIAN_POINT('',(197.545288387109,-6.93889390390723E-15,8.24873838157891));
#2099=CARTESIAN_POINT('',(143.685109418059,18.4496987175164,2.44507843766868));
#2100=CARTESIAN_POINT('',(196.077190252476,17.4433404752252,2.51136280078265));
#2101=CARTESIAN_POINT('',(195.052105282057,-35.563473062688,7.98008745622766));
#2102=CARTESIAN_POINT('',(143.685109418058,18.4496987175164,2.44507843766868));
#2103=CARTESIAN_POINT('',(144.177891184222,0.5244650669159,0.363326551129854));
#2104=CARTESIAN_POINT('',(143.685109418058,18.4496987175164,2.44507843766868));
#2105=CARTESIAN_POINT('',(92.2183143100422,72.5678109097492,-3.10068436756576));
#2106=CARTESIAN_POINT('',(89.8249304490082,75.0844901791436,-3.35858150624154));
#2107=CARTESIAN_POINT('',(130.46563720094,72.3022319918374,5.9204569118032));
#2108=CARTESIAN_POINT('',(91.124896655878,72.5754033019866,-3.35858150624156));
#2109=CARTESIAN_POINT('',(128.587003898098,0.26915320457832,-3.35858150624157));
#2110=CARTESIAN_POINT('',(110.042073955162,-12.7012287857256,1.22027838195757));
#2111=CARTESIAN_POINT('',(77.2530896417692,-64.0309336556646,-2.53901144782539));
#2112=CARTESIAN_POINT('',(90.7065053911041,-72.5783084961535,-3.17466607932616));
#2113=CARTESIAN_POINT('',(88.7011320592489,-71.3042322405874,-3.07991506069769));
#2114=CARTESIAN_POINT('',(128.569645002391,-72.3153972415438,-3.17466607932616));
#2115=CARTESIAN_POINT('',(165.057130461743,-72.0620381519871,-3.17466607932615));
#2116=CARTESIAN_POINT('',(110.042084014824,-12.433524322515,1.23997189431543));
#2117=CARTESIAN_POINT('',(167.349077347189,-74.546183769987,-3.35858150624154));
#2118=CARTESIAN_POINT('',(128.587003898098,-74.8153369745653,-3.35858150624154));
#2119=CARTESIAN_POINT('',(89.8249304490082,-75.0844901791436,-3.35858150624154));
#2120=CARTESIAN_POINT('',(71.2800105657344,-12.7026775270934,1.23997189431542));
#2121=CARTESIAN_POINT('',(109.830623534886,0.15959483076863,0.0845645544350349));
#2122=CARTESIAN_POINT('',(124.30824087721,72.3449872627742,-9.40988622547234));
#2123=CARTESIAN_POINT('',(90.6671184664309,72.5785819881536,-3.27510121264351));
#2124=CARTESIAN_POINT('',(70.2353549858304,58.5834768899646,1.79132970344977));
#2125=CARTESIAN_POINT('',(55.4698380423375,48.4695696078311,5.45271074897922));
#2126=CARTESIAN_POINT('',(52.9255184599846,45.144281714495,6.23367876164359));
#2127=CARTESIAN_POINT('',(55.2350906824606,48.1627675224306,5.52476544697896));
#2128=CARTESIAN_POINT('',(55.2350906824606,1.09861354619734,9.98749646519997));
#2129=CARTESIAN_POINT('',(55.2350906824606,46.9694894152598,5.63791481379696));
#2130=CARTESIAN_POINT('',(110.042084014824,-12.433524322515,1.23997189431543));
#2131=CARTESIAN_POINT('',(71.2800105657344,62.3818126520503,1.23997189431544));
#2132=CARTESIAN_POINT('',(78.046486302653,-2.14231676126438E-15,62.334835165283));
#2133=CARTESIAN_POINT('',(52.7350906824606,-1.04083408558608E-14,49.6791373551877));
#2134=CARTESIAN_POINT('',(52.7350906824606,5.83850631814183,49.6791373551877));
#2135=CARTESIAN_POINT('',(52.7350906824606,-5.83850631814187,49.6791373551877));
#2136=CARTESIAN_POINT('',(78.0464863026529,-18.4941992939397,62.3348351652829));
#2137=CARTESIAN_POINT('',(103.357881922845,-31.1498922697374,74.9905329753782));
#2138=CARTESIAN_POINT('',(103.357881922845,-3.46944695195359E-15,74.9905329753782));
#2139=CARTESIAN_POINT('',(103.357881922845,31.1498922697374,74.9905329753781));
#2140=CARTESIAN_POINT('',(78.046486302653,18.4941992939396,62.3348351652829));
#2141=CARTESIAN_POINT('',(160.840903048735,-48.5694891928172,47.6641436353468));
#2142=CARTESIAN_POINT('',(145.6488260474,-52.8189326909491,53.1339218676635));
#2143=CARTESIAN_POINT('',(137.152093466253,-31.,74.9905329753781));
#2144=CARTESIAN_POINT('',(154.145558628546,-74.6378653818982,31.2773107599489));
#2145=CARTESIAN_POINT('',(172.495613564718,-52.8189326909491,37.6339218676635));
#2146=CARTESIAN_POINT('',(190.845668500889,-31.,43.9905329753781));
#2147=CARTESIAN_POINT('',(163.998880983571,-31.,59.4905329753781));
#2148=CARTESIAN_POINT('',(177.411646201628,-54.3089446021023,20.909090062431));
#2149=CARTESIAN_POINT('',(160.747317987867,-74.5920245759426,13.9593646268537));
#2150=CARTESIAN_POINT('',(182.447182867149,-56.3656382570489,2.44507843766869));
#2151=CARTESIAN_POINT('',(194.195478443998,-34.5925463720554,26.1196356784785));
#2152=CARTESIAN_POINT('',(160.840903048735,48.5694891928172,47.6641436353468));
#2153=CARTESIAN_POINT('',(145.6488260474,52.8189326909491,53.1339218676635));
#2154=CARTESIAN_POINT('',(137.152093466253,31.,74.9905329753781));
#2155=CARTESIAN_POINT('',(154.145558628546,74.6378653818982,31.2773107599489));
#2156=CARTESIAN_POINT('',(163.998880983571,31.,59.4905329753781));
#2157=CARTESIAN_POINT('',(190.845668500889,31.,43.9905329753781));
#2158=CARTESIAN_POINT('',(172.495613564718,52.8189326909491,37.6339218676635));
#2159=CARTESIAN_POINT('',(177.411646201628,54.3089446021023,20.909090062431));
#2160=CARTESIAN_POINT('',(160.747317987867,74.5920245759426,13.9593646268537));
#2161=CARTESIAN_POINT('',(194.195478443998,34.5925463720554,26.1196356784785));
#2162=CARTESIAN_POINT('',(194.195478443998,-2.9040403865213E-15,26.1196356784785));
#2163=CARTESIAN_POINT('',(190.845668500889,-6.93889390390723E-15,43.9905329753781));
#2164=CARTESIAN_POINT('',(109.830623534886,0.15959483076863,0.0845645544350349));
#2165=CARTESIAN_POINT('',(126.716128026613,-72.3282675549553,3.86767661303386));
#2166=CARTESIAN_POINT('',(166.058431042994,-72.0550853954339,-3.35858150624155));
#2167=CARTESIAN_POINT('',(128.587003898098,0.26915320457832,-3.35858150624157));
#2168=CARTESIAN_POINT('',(77.5776141712629,-63.133635719185,14.0815911872422));
#2169=CARTESIAN_POINT('',(96.5914061859267,-75.037505627848,13.8956697044107));
#2170=CARTESIAN_POINT('',(103.357881922845,-74.9905210765524,31.1499209150629));
#2171=CARTESIAN_POINT('',(78.046486302653,-62.3348281007547,18.4942231049676));
#2172=CARTESIAN_POINT('',(52.7350906824606,-49.6791351249569,5.83852529487243));
#2173=CARTESIAN_POINT('',(71.2800105657344,-62.3818126520503,1.23997189431544));
#2174=CARTESIAN_POINT('',(128.587003898098,-74.8153369745653,13.9593646268537));
#2175=CARTESIAN_POINT('',(128.751720275696,-74.8141932292253,31.2136158375059));
#2176=CARTESIAN_POINT('',(144.177891184222,0.5244650669159,0.363326551129854));
#2177=CARTESIAN_POINT('',(146.661709135155,-72.189770911333,-7.96659351355318));
#2178=CARTESIAN_POINT('',(166.134511914036,-72.0545571107363,-3.34050723735427));
#2179=CARTESIAN_POINT('',(191.873545155535,-41.0606244820735,6.55348880216025));
#2180=CARTESIAN_POINT('',(195.08790882684,-37.1900140307126,7.78907916544484));
#2181=CARTESIAN_POINT('',(194.233658128517,1.61825945760548,12.3464202548845));
#2182=CARTESIAN_POINT('',(110.042073955162,-12.7012287857256,1.22027838195757));
#2183=CARTESIAN_POINT('',(55.2350906824606,-12.7032772098023,1.24812370049838));
#2184=CARTESIAN_POINT('',(143.685109418059,18.4496987175164,2.44507843766868));
#2185=CARTESIAN_POINT('',(144.058391256884,72.2078476365214,-3.10068436756575));
#2186=CARTESIAN_POINT('',(166.04308924399,72.0551919246775,-3.10068436756575));
#2187=CARTESIAN_POINT('',(128.587003898098,74.8153369745653,-3.35858150624154));
#2188=CARTESIAN_POINT('',(181.18314795603,55.4637862913911,-1.40001987724959));
#2189=CARTESIAN_POINT('',(163.998880983571,-6.93889390390723E-15,59.4905329753781));
#2190=CARTESIAN_POINT('',(137.152093466253,-5.20417042793042E-15,74.9905329753781));
#2191=CARTESIAN_POINT('',(128.751636697816,-52.9764173479841,53.0513837477305));
#2192=CARTESIAN_POINT('',(120.254987694549,-31.0749461348687,74.9905329753781));
#2193=CARTESIAN_POINT('',(103.357881922845,-53.0702066731449,53.0702269452205));
#2194=CARTESIAN_POINT('',(71.2800105657344,-12.7026775270934,1.23997189431542));
#2195=CARTESIAN_POINT('',(55.2350906824606,-12.7026775270934,5.21860439072435));
#2196=CARTESIAN_POINT('',(55.2350906824606,-48.3810632868556,5.21860439072436));
#2197=CARTESIAN_POINT('',(50.3959930569447,-45.0664360441413,6.41854750083259));
#2198=CARTESIAN_POINT('',(52.7350906824606,-1.38777878078145E-14,5.83852529487241));
#2199=CARTESIAN_POINT('',(128.587003898098,74.8153369745653,13.9593646268537));
#2200=CARTESIAN_POINT('',(128.751720275696,74.8141932292253,31.2136158375059));
#2201=CARTESIAN_POINT('',(103.357881922845,74.9905210765524,31.1499209150629));
#2202=CARTESIAN_POINT('',(96.5914061859267,75.037505627848,13.8956697044107));
#2203=CARTESIAN_POINT('',(128.915241732394,-6.93889390390723E-15,74.9905329753781));
#2204=CARTESIAN_POINT('',(120.254987694549,31.0749461348687,74.9905329753781));
#2205=CARTESIAN_POINT('',(52.7350906824606,-2.08166817117216E-14,27.7588313250301));
#2206=CARTESIAN_POINT('',(52.7350906824606,-27.7588207215494,27.7588313250301));
#2207=CARTESIAN_POINT('',(52.7350906824606,27.7588207215493,27.7588313250301));
#2208=CARTESIAN_POINT('',(128.751636697816,52.9764173479841,53.0513837477305));
#2209=CARTESIAN_POINT('',(103.357881922845,53.0702066731449,53.0702269452205));
#2210=CARTESIAN_POINT('',(77.5776141712629,63.133635719185,14.0815911872422));
#2211=CARTESIAN_POINT('',(78.0464863026529,62.3348281007546,18.4942231049676));
#2212=CARTESIAN_POINT('',(79.1645202914028,-8.78607015140105E-15,60.0987671877832));
#2213=CARTESIAN_POINT('',(55.2350906824606,3.97217032313459E-14,48.1340523833129));
#2214=CARTESIAN_POINT('',(55.2350906824606,5.55346430994587,48.1340523833129));
#2215=CARTESIAN_POINT('',(55.2350906824606,-5.55346430994588,48.1340523833129));
#2216=CARTESIAN_POINT('',(73.3251302637585,14.5984806455246,57.1790721739612));
#2217=CARTESIAN_POINT('',(103.948051866595,29.9099355981802,72.4905329753781));
#2218=CARTESIAN_POINT('',(103.948051866595,1.41424978735214E-13,72.4905329753781));
#2219=CARTESIAN_POINT('',(103.948051866594,-29.9099355981799,72.4905329753781));
#2220=CARTESIAN_POINT('',(73.3251302637585,-14.5984806455245,57.1790721739613));
#2221=CARTESIAN_POINT('',(159.803790545917,-47.1739281493674,45.8678120873012));
#2222=CARTESIAN_POINT('',(143.954428929557,-48.2157881362654,54.2090294421196));
#2223=CARTESIAN_POINT('',(136.953230917383,-30.2372691320769,72.2185949755523));
#2224=CARTESIAN_POINT('',(153.27250571947,-72.1438673533662,30.2396295905996));
#2225=CARTESIAN_POINT('',(165.501374334201,-30.2372691320769,55.7363166889884));
#2226=CARTESIAN_POINT('',(188.597157557193,-30.2347450477621,42.4019600280488));
#2227=CARTESIAN_POINT('',(169.757388646174,-52.6348367575954,35.878546813412));
#2228=CARTESIAN_POINT('',(153.350451765032,-72.1433261174084,30.1950479037352));
#2229=CARTESIAN_POINT('',(151.589270171187,-72.1555552792579,31.2023657960293));
#2230=CARTESIAN_POINT('',(175.66491278956,-52.6472054382569,20.2476179628661));
#2231=CARTESIAN_POINT('',(159.509800238905,-72.1005572912765,14.0376481440938));
#2232=CARTESIAN_POINT('',(192.823688486728,-34.7617220659292,19.8684657106221));
#2233=CARTESIAN_POINT('',(159.803790545917,47.1739281493674,45.8678120873012));
#2234=CARTESIAN_POINT('',(146.391271658913,54.4734062244501,47.9406052734714));
#2235=CARTESIAN_POINT('',(136.953230917383,30.2372691320769,72.2185949755523));
#2236=CARTESIAN_POINT('',(153.27250571947,72.1438673533662,30.2396295905996));
#2237=CARTESIAN_POINT('',(151.589270171187,72.1555552792579,31.2023657960293));
#2238=CARTESIAN_POINT('',(153.350451765032,72.1433261174084,30.1950479037352));
#2239=CARTESIAN_POINT('',(169.946090047789,52.4104634140346,35.9439145428126));
#2240=CARTESIAN_POINT('',(188.597157557193,30.2347450477621,42.4019600280488));
#2241=CARTESIAN_POINT('',(162.748880983571,30.2372691320769,57.325469465917));
#2242=CARTESIAN_POINT('',(175.66491278956,52.6472054382569,20.2476179628661));
#2243=CARTESIAN_POINT('',(155.609945629113,72.1276368118546,24.2678713896491));
#2244=CARTESIAN_POINT('',(190.561185063845,32.3352714309137,31.9386926760015));
#2245=CARTESIAN_POINT('',(191.738273490829,-2.95558861539564E-15,25.659044951128));
#2246=CARTESIAN_POINT('',(188.600230733073,-3.25678208559882E-15,42.4001857291268));
#2247=CARTESIAN_POINT('',(79.4898617918439,38.9711382081561,38.9711530945851));
#2248=CARTESIAN_POINT('',(55.2350906824606,12.964341623441,40.723177900668));
#2249=CARTESIAN_POINT('',(77.9726719762595,59.7209822769093,16.7041277159394));
#2250=CARTESIAN_POINT('',(103.509532749922,72.4894077863797,29.4725581027695));
#2251=CARTESIAN_POINT('',(108.19696713335,72.4568595279072,34.1925389417042));
#2252=CARTESIAN_POINT('',(104.148948791877,72.4849678567929,30.1164138283682));
#2253=CARTESIAN_POINT('',(104.148948791877,51.3006769984609,51.3006965946009));
#2254=CARTESIAN_POINT('',(104.148948791877,30.1108325234629,72.4905329753781));
#2255=CARTESIAN_POINT('',(96.2495581342073,22.2114418657928,72.4905329753781));
#2256=CARTESIAN_POINT('',(78.8723504598671,-61.0575630706724,13.5681904655159));
#2257=CARTESIAN_POINT('',(101.577242096193,-72.5028250826012,24.5452917313673));
#2258=CARTESIAN_POINT('',(103.509532749922,-72.4894077863797,29.4725581027696));
#2259=CARTESIAN_POINT('',(55.2350906824606,-47.165801708032,10.1328384730225));
#2260=CARTESIAN_POINT('',(55.2350906824606,-48.3521959727278,5.33533706904086));
#2261=CARTESIAN_POINT('',(77.9726719762595,-59.7209822769092,16.7041277159394));
#2262=CARTESIAN_POINT('',(128.569645002391,-72.3153972415438,13.9593646268537));
#2263=CARTESIAN_POINT('',(128.528967132157,-72.3156796975157,30.1775658037319));
#2264=CARTESIAN_POINT('',(104.148948791877,-72.4849678567929,30.1164138283682));
#2265=CARTESIAN_POINT('',(96.4477146737259,-72.5384431138591,22.3617074153398));
#2266=CARTESIAN_POINT('',(162.748880983571,-6.93889390390723E-15,57.325469465917));
#2267=CARTESIAN_POINT('',(136.482220485175,-6.93889390390723E-15,72.4905329753781));
#2268=CARTESIAN_POINT('',(136.482220485175,29.9674201678907,72.4905329753781));
#2269=CARTESIAN_POINT('',(136.482220485175,-29.9674201678907,72.4905329753781));
#2270=CARTESIAN_POINT('',(147.227167692289,36.1233621084725,66.2869348129226));
#2271=CARTESIAN_POINT('',(146.517828551179,-35.7169710406815,66.6964719569894));
#2272=CARTESIAN_POINT('',(128.743795909851,-51.2086594269644,51.2836251514521));
#2273=CARTESIAN_POINT('',(129.048306738907,-30.0003928621354,72.4905329753781));
#2274=CARTESIAN_POINT('',(104.148948791877,-30.1108325234629,72.4905329753781));
#2275=CARTESIAN_POINT('',(104.148948791877,-51.3006769984609,51.3006965946009));
#2276=CARTESIAN_POINT('',(128.569645002391,72.3153972415438,13.9593646268537));
#2277=CARTESIAN_POINT('',(128.943274646868,72.3128028597889,30.1786050040549));
#2278=CARTESIAN_POINT('',(94.8304765132854,72.5496727719944,7.3413006504971));
#2279=CARTESIAN_POINT('',(79.4898617918439,-38.9711382081562,38.9711530945851));
#2280=CARTESIAN_POINT('',(55.2350906824606,-12.9643416234411,40.723177900668));
#2281=CARTESIAN_POINT('',(101.476679000404,-27.4385627319896,72.4905329753781));
#2282=CARTESIAN_POINT('',(128.915241732394,-6.93889390390723E-15,72.4905329753781));
#2283=CARTESIAN_POINT('',(128.649735711904,30.0021607008617,72.4905329753781));
#2284=CARTESIAN_POINT('',(55.2350906824606,-2.08166817117216E-14,27.7588313250301));
#2285=CARTESIAN_POINT('',(128.743795909851,51.2086594269644,51.2836251514521));
#2286=CARTESIAN_POINT('',(78.8723504598671,61.0575630706724,13.5681904655159));
#2287=CARTESIAN_POINT('',(78.046486302653,-40.4145136973472,40.4145291351253));
#2288=CARTESIAN_POINT('',(78.046486302653,40.4145136973471,40.4145291351253));
#2289=MECHANICAL_DESIGN_GEOMETRIC_PRESENTATION_REPRESENTATION('',(#1368,
#12,#13,#14,#15,#16,#17,#18,#19,#20,#21,#22,#23,#24,#25),#2290);
#2290=(
GEOMETRIC_REPRESENTATION_CONTEXT(3)
GLOBAL_UNCERTAINTY_ASSIGNED_CONTEXT((#2291))
GLOBAL_UNIT_ASSIGNED_CONTEXT((#2294,#2293,#2292))
REPRESENTATION_CONTEXT('Part 1','TOP_LEVEL_ASSEMBLY_PART')
);
#2291=UNCERTAINTY_MEASURE_WITH_UNIT(LENGTH_MEASURE(1.E-5),#2294,
'DISTANCE_ACCURACY_VALUE','Maximum Tolerance applied to model');
#2292=(
NAMED_UNIT(*)
SI_UNIT($,.STERADIAN.)
SOLID_ANGLE_UNIT()
);
#2293=(
NAMED_UNIT(*)
PLANE_ANGLE_UNIT()
SI_UNIT($,.RADIAN.)
);
#2294=(
LENGTH_UNIT()
NAMED_UNIT(*)
SI_UNIT(.MILLI.,.METRE.)
);
#2295=PRODUCT_DEFINITION_SHAPE('','',#2296);
#2296=PRODUCT_DEFINITION('','',#2298,#2297);
#2297=PRODUCT_DEFINITION_CONTEXT('',#2304,'design');
#2298=PRODUCT_DEFINITION_FORMATION_WITH_SPECIFIED_SOURCE('','',#2300,
 .NOT_KNOWN.);
#2299=PRODUCT_RELATED_PRODUCT_CATEGORY('','',(#2300));
#2300=PRODUCT('Part 1','Part 1','Part 1',(#2302));
#2301=PRODUCT_CATEGORY('','');
#2302=PRODUCT_CONTEXT('',#2304,'mechanical');
#2303=APPLICATION_PROTOCOL_DEFINITION('international standard',
'ap242_managed_model_based_3d_engineering',2020,#2304);
#2304=APPLICATION_CONTEXT('managed model based 3d engineering');
ENDSEC;
END-ISO-10303-21;
